rid,date,origin,destination,gbtt_ptd,gbtt_pta,toc_code
202401026728789,2024-01-02,KGX,ABD,1600,2020,GR
202401036728789,2024-01-03,KGX,ABD,1600,2020,GR
202401046728789,2024-01-04,KGX,ABD,1600,2020,GR
202401056728789,2024-01-05,KGX,ABD,1600,2020,GR
202401016728789,2024-01-01,KGX,EDB,1600,2022,GR
202401016728837,2024-01-01,KGX,EDB,1630,2114,GR
202401026728837,2024-01-02,KGX,EDB,1630,2114,GR
202401036728837,2024-01-03,KGX,EDB,1630,2114,GR
202401046728837,2024-01-04,KGX,EDB,1630,2114,GR
202401056728837,2024-01-05,KGX,EDB,1630,2124,GR
202401016728855,2024-01-01,KGX,EDB,1700,2124,GR
202401026728855,2024-01-02,KGX,EDB,1700,2124,GR
202401036728855,2024-01-03,KGX,EDB,1700,2124,GR
202401046728855,2024-01-04,KGX,EDB,1700,2124,GR
202401016728859,2024-01-01,KGX,EDB,1730,2208,GR
202401026728859,2024-01-02,KGX,EDB,1730,2208,GR
202401036728859,2024-01-03,KGX,EDB,1730,2208,GR
202401046728859,2024-01-04,KGX,EDB,1730,2208,GR
202401056728859,2024-01-05,KGX,EDB,1730,2208,GR
202401016728885,2024-01-01,KGX,EDB,1800,2220,GR
202401026728885,2024-01-02,KGX,EDB,1800,2220,GR
202401036728885,2024-01-03,KGX,EDB,1800,2220,GR
202401046728885,2024-01-04,KGX,EDB,1800,2220,GR
202401056728885,2024-01-05,KGX,EDB,1800,2220,GR
202401026728860,2024-01-02,KGX,EDB,1830,2316,GR
202401036728860,2024-01-03,KGX,EDB,1830,2316,GR
202401046728860,2024-01-04,KGX,EDB,1830,2316,GR
202401056728860,2024-01-05,KGX,EDB,1830,2316,GR
202401026728868,2024-01-02,KGX,EDB,1900,2324,GR
202401036728868,2024-01-03,KGX,EDB,1900,2324,GR
202401046728868,2024-01-04,KGX,EDB,1900,2324,GR
202401056728868,2024-01-05,KGX,EDB,1900,2324,GR
202401016728868,2024-01-01,KGX,EDB,1900,2329,GR
202401086728789,2024-01-08,KGX,ABD,1600,2020,GR
202401106728789,2024-01-10,KGX,ABD,1600,2020,GR
202401116728789,2024-01-11,KGX,ABD,1600,2020,GR
202401126728789,2024-01-12,KGX,ABD,1600,2020,GR
202401086728837,2024-01-08,KGX,EDB,1630,2114,GR
202401096728837,2024-01-09,KGX,EDB,1630,2114,GR
202401106728837,2024-01-10,KGX,EDB,1630,2114,GR
202401116728837,2024-01-11,KGX,EDB,1630,2114,GR
202401126728837,2024-01-12,KGX,EDB,1630,2124,GR
202401086728855,2024-01-08,KGX,EDB,1700,2124,GR
202401096728855,2024-01-09,KGX,EDB,1700,2124,GR
202401106728855,2024-01-10,KGX,EDB,1700,2124,GR
202401116728855,2024-01-11,KGX,EDB,1700,2124,GR
202401086728859,2024-01-08,KGX,EDB,1730,2208,GR
202401096728859,2024-01-09,KGX,EDB,1730,2208,GR
202401106728859,2024-01-10,KGX,EDB,1730,2208,GR
202401116728859,2024-01-11,KGX,EDB,1730,2208,GR
202401126728859,2024-01-12,KGX,EDB,1730,2208,GR
202401086728885,2024-01-08,KGX,EDB,1800,2220,GR
202401096728885,2024-01-09,KGX,EDB,1800,2220,GR
202401106728885,2024-01-10,KGX,EDB,1800,2220,GR
202401116728885,2024-01-11,KGX,EDB,1800,2220,GR
202401126728885,2024-01-12,KGX,EDB,1800,2220,GR
202401086728860,2024-01-08,KGX,EDB,1830,2316,GR
202401096728860,2024-01-09,KGX,EDB,1830,2316,GR
202401106728860,2024-01-10,KGX,EDB,1830,2316,GR
202401116728860,2024-01-11,KGX,EDB,1830,2316,GR
202401126728860,2024-01-12,KGX,EDB,1830,2316,GR
202401086728868,2024-01-08,KGX,EDB,1900,2324,GR
202401096728868,2024-01-09,KGX,EDB,1900,2324,GR
202401106728868,2024-01-10,KGX,EDB,1900,2324,GR
202401116728868,2024-01-11,KGX,EDB,1900,2324,GR
202401126728868,2024-01-12,KGX,EDB,1900,2324,GR
202401156728789,2024-01-15,KGX,ABD,1600,2020,GR
202401166728789,2024-01-16,KGX,ABD,1600,2020,GR
202401176728789,2024-01-17,KGX,ABD,1600,2020,GR
202401186728789,2024-01-18,KGX,ABD,1600,2020,GR
202401196728789,2024-01-19,KGX,ABD,1600,2020,GR
202401156728837,2024-01-15,KGX,EDB,1630,2114,GR
202401166728837,2024-01-16,KGX,EDB,1630,2114,GR
202401176728837,2024-01-17,KGX,EDB,1630,2114,GR
202401186728837,2024-01-18,KGX,EDB,1630,2114,GR
202401196728837,2024-01-19,KGX,EDB,1630,2114,GR
202401156728855,2024-01-15,KGX,EDB,1700,2124,GR
202401166728855,2024-01-16,KGX,EDB,1700,2124,GR
202401176728855,2024-01-17,KGX,EDB,1700,2124,GR
202401186728855,2024-01-18,KGX,EDB,1700,2124,GR
202401196728855,2024-01-19,KGX,EDB,1700,2124,GR
202401156728859,2024-01-15,KGX,EDB,1730,2208,GR
202401166728859,2024-01-16,KGX,EDB,1730,2208,GR
202401176728859,2024-01-17,KGX,EDB,1730,2208,GR
202401186728859,2024-01-18,KGX,EDB,1730,2208,GR
202401196728859,2024-01-19,KGX,EDB,1730,2208,GR
202401156728885,2024-01-15,KGX,EDB,1800,2220,GR
202401166728885,2024-01-16,KGX,EDB,1800,2220,GR
202401176728885,2024-01-17,KGX,EDB,1800,2220,GR
202401186728885,2024-01-18,KGX,EDB,1800,2220,GR
202401196728885,2024-01-19,KGX,EDB,1800,2220,GR
202401156728860,2024-01-15,KGX,EDB,1830,2316,GR
202401166728860,2024-01-16,KGX,EDB,1830,2316,GR
202401176728860,2024-01-17,KGX,EDB,1830,2316,GR
202401186728860,2024-01-18,KGX,EDB,1830,2316,GR
202401196728860,2024-01-19,KGX,EDB,1830,2316,GR
202401156728868,2024-01-15,KGX,EDB,1900,2324,GR
202401166728868,2024-01-16,KGX,EDB,1900,2324,GR
202401176728868,2024-01-17,KGX,EDB,1900,2324,GR
202401186728868,2024-01-18,KGX,EDB,1900,2324,GR
202401196728868,2024-01-19,KGX,EDB,1900,2324,GR
202401236728789,2024-01-23,KGX,ABD,1600,2020,GR
202401246728789,2024-01-24,KGX,ABD,1600,2020,GR
202401256728789,2024-01-25,KGX,ABD,1600,2020,GR
202401266728789,2024-01-26,KGX,ABD,1600,2020,GR
202401236728837,2024-01-23,KGX,EDB,1630,2114,GR
202401246728837,2024-01-24,KGX,EDB,1630,2114,GR
202401256728837,2024-01-25,KGX,EDB,1630,2114,GR
202401266728837,2024-01-26,KGX,EDB,1630,2114,GR
202401236728855,2024-01-23,KGX,EDB,1700,2124,GR
202401246728855,2024-01-24,KGX,EDB,1700,2124,GR
202401256728855,2024-01-25,KGX,EDB,1700,2124,GR
202401266728855,2024-01-26,KGX,EDB,1700,2124,GR
202401236728859,2024-01-23,KGX,EDB,1730,2208,GR
202401246728859,2024-01-24,KGX,EDB,1730,2208,GR
202401256728859,2024-01-25,KGX,EDB,1730,2208,GR
202401266728859,2024-01-26,KGX,EDB,1730,2208,GR
202401226728885,2024-01-22,KGX,EDB,1800,2220,GR
202401236728885,2024-01-23,KGX,EDB,1800,2220,GR
202401246728885,2024-01-24,KGX,EDB,1800,2220,GR
202401256728885,2024-01-25,KGX,EDB,1800,2220,GR
202401266728885,2024-01-26,KGX,EDB,1800,2220,GR
202401236728860,2024-01-23,KGX,EDB,1830,2316,GR
202401246728860,2024-01-24,KGX,EDB,1830,2316,GR
202401256728860,2024-01-25,KGX,EDB,1830,2316,GR
202401266728860,2024-01-26,KGX,EDB,1830,2316,GR
202401236728868,2024-01-23,KGX,EDB,1900,2324,GR
202401246728868,2024-01-24,KGX,EDB,1900,2324,GR
202401256728868,2024-01-25,KGX,EDB,1900,2324,GR
202401266728868,2024-01-26,KGX,EDB,1900,2324,GR
202401296728789,2024-01-29,KGX,ABD,1600,2020,GR
202401306728789,2024-01-30,KGX,ABD,1600,2020,GR
202401316728789,2024-01-31,KGX,ABD,1600,2020,GR
202402016728789,2024-02-01,KGX,ABD,1600,2020,GR
202401296728837,2024-01-29,KGX,EDB,1630,2114,GR
202401306728837,2024-01-30,KGX,EDB,1630,2114,GR
202401316728837,2024-01-31,KGX,EDB,1630,2114,GR
202402017854597,2024-02-01,KGX,EDB,1630,2124,GR
202401296728855,2024-01-29,KGX,EDB,1700,2124,GR
202401306728855,2024-01-30,KGX,EDB,1700,2124,GR
202401316728855,2024-01-31,KGX,EDB,1700,2124,GR
202401296728859,2024-01-29,KGX,EDB,1730,2208,GR
202401306728859,2024-01-30,KGX,EDB,1730,2208,GR
202401316728859,2024-01-31,KGX,EDB,1730,2208,GR
202402017854599,2024-02-01,KGX,EDB,1730,2208,GR
202401296728885,2024-01-29,KGX,EDB,1800,2220,GR
202401306728885,2024-01-30,KGX,EDB,1800,2220,GR
202401316728885,2024-01-31,KGX,EDB,1800,2220,GR
202402016728885,2024-02-01,KGX,EDB,1800,2220,GR
202401296728860,2024-01-29,KGX,EDB,1830,2316,GR
202401306728860,2024-01-30,KGX,EDB,1830,2316,GR
202401316728860,2024-01-31,KGX,EDB,1830,2316,GR
202402016728860,2024-02-01,KGX,EDB,1830,2316,GR
202401296728868,2024-01-29,KGX,EDB,1900,2324,GR
202401306728868,2024-01-30,KGX,EDB,1900,2324,GR
202401317854554,2024-01-31,KGX,EDB,1900,2324,GR
202402016728868,2024-02-01,KGX,EDB,1900,2324,GR
202402056728789,2024-02-05,KGX,ABD,1600,2020,GR
202402066728789,2024-02-06,KGX,ABD,1600,2020,GR
202402076728789,2024-02-07,KGX,ABD,1600,2020,GR
202402086728789,2024-02-08,KGX,ABD,1600,2020,GR
202402096728789,2024-02-09,KGX,ABD,1600,2020,GR
202402056728837,2024-02-05,KGX,EDB,1630,2114,GR
202402066728837,2024-02-06,KGX,EDB,1630,2114,GR
202402076728837,2024-02-07,KGX,EDB,1630,2114,GR
202402086728837,2024-02-08,KGX,EDB,1630,2114,GR
202402096728837,2024-02-09,KGX,EDB,1630,2114,GR
202402056728855,2024-02-05,KGX,EDB,1700,2124,GR
202402066728855,2024-02-06,KGX,EDB,1700,2124,GR
202402076728855,2024-02-07,KGX,EDB,1700,2124,GR
202402086728855,2024-02-08,KGX,EDB,1700,2124,GR
202402096728855,2024-02-09,KGX,EDB,1700,2124,GR
202402056728859,2024-02-05,KGX,EDB,1730,2208,GR
202402066728859,2024-02-06,KGX,EDB,1730,2208,GR
202402076728859,2024-02-07,KGX,EDB,1730,2208,GR
202402086728859,2024-02-08,KGX,EDB,1730,2208,GR
202402096728859,2024-02-09,KGX,EDB,1730,2208,GR
202402056728885,2024-02-05,KGX,EDB,1800,2220,GR
202402066728885,2024-02-06,KGX,EDB,1800,2220,GR
202402076728885,2024-02-07,KGX,EDB,1800,2220,GR
202402086728885,2024-02-08,KGX,EDB,1800,2220,GR
202402096728885,2024-02-09,KGX,EDB,1800,2220,GR
202402056728860,2024-02-05,KGX,EDB,1830,2316,GR
202402066728860,2024-02-06,KGX,EDB,1830,2316,GR
202402076728860,2024-02-07,KGX,EDB,1830,2316,GR
202402086728860,2024-02-08,KGX,EDB,1830,2316,GR
202402096728860,2024-02-09,KGX,EDB,1830,2316,GR
202402056728868,2024-02-05,KGX,EDB,1900,2324,GR
202402066728868,2024-02-06,KGX,EDB,1900,2324,GR
202402076728868,2024-02-07,KGX,EDB,1900,2324,GR
202402086728868,2024-02-08,KGX,EDB,1900,2324,GR
202402096728868,2024-02-09,KGX,EDB,1900,2324,GR
202402126728789,2024-02-12,KGX,ABD,1600,2020,GR
202402136728789,2024-02-13,KGX,ABD,1600,2020,GR
202402146728789,2024-02-14,KGX,ABD,1600,2020,GR
202402156728789,2024-02-15,KGX,ABD,1600,2020,GR
202402166728789,2024-02-16,KGX,ABD,1600,2020,GR
202402126728837,2024-02-12,KGX,EDB,1630,2114,GR
202402136728837,2024-02-13,KGX,EDB,1630,2114,GR
202402146728837,2024-02-14,KGX,EDB,1630,2114,GR
202402156728837,2024-02-15,KGX,EDB,1630,2114,GR
202402166728837,2024-02-16,KGX,EDB,1630,2114,GR
202402126728855,2024-02-12,KGX,EDB,1700,2124,GR
202402136728855,2024-02-13,KGX,EDB,1700,2124,GR
202402146728855,2024-02-14,KGX,EDB,1700,2124,GR
202402156728855,2024-02-15,KGX,EDB,1700,2124,GR
202402166728855,2024-02-16,KGX,EDB,1700,2124,GR
202402126728859,2024-02-12,KGX,EDB,1730,2208,GR
202402136728859,2024-02-13,KGX,EDB,1730,2208,GR
202402146728859,2024-02-14,KGX,EDB,1730,2208,GR
202402156728859,2024-02-15,KGX,EDB,1730,2208,GR
202402166728859,2024-02-16,KGX,EDB,1730,2208,GR
202402126728885,2024-02-12,KGX,EDB,1800,2220,GR
202402136728885,2024-02-13,KGX,EDB,1800,2220,GR
202402146728885,2024-02-14,KGX,EDB,1800,2220,GR
202402157926703,2024-02-15,KGX,EDB,1800,2220,GR
202402166728885,2024-02-16,KGX,EDB,1800,2220,GR
202402126728860,2024-02-12,KGX,EDB,1830,2316,GR
202402136728860,2024-02-13,KGX,EDB,1830,2316,GR
202402146728860,2024-02-14,KGX,EDB,1830,2316,GR
202402156728860,2024-02-15,KGX,EDB,1830,2316,GR
202402166728860,2024-02-16,KGX,EDB,1830,2316,GR
202402126728868,2024-02-12,KGX,EDB,1900,2324,GR
202402136728868,2024-02-13,KGX,EDB,1900,2324,GR
202402146728868,2024-02-14,KGX,EDB,1900,2324,GR
202402156728868,2024-02-15,KGX,EDB,1900,2324,GR
202402166728868,2024-02-16,KGX,EDB,1900,2324,GR
202402216728789,2024-02-21,KGX,ABD,1600,2020,GR
202402226728789,2024-02-22,KGX,ABD,1600,2020,GR
202402236728789,2024-02-23,KGX,ABD,1600,2020,GR
202402216728837,2024-02-21,KGX,EDB,1630,2114,GR
202402226728837,2024-02-22,KGX,EDB,1630,2114,GR
202402236728837,2024-02-23,KGX,EDB,1630,2114,GR
202402216728855,2024-02-21,KGX,EDB,1700,2124,GR
202402226728855,2024-02-22,KGX,EDB,1700,2124,GR
202402236728855,2024-02-23,KGX,EDB,1700,2124,GR
202402216728859,2024-02-21,KGX,EDB,1730,2208,GR
202402226728859,2024-02-22,KGX,EDB,1730,2208,GR
202402236728859,2024-02-23,KGX,EDB,1730,2208,GR
202402216728885,2024-02-21,KGX,EDB,1800,2220,GR
202402226728885,2024-02-22,KGX,EDB,1800,2220,GR
202402236728885,2024-02-23,KGX,EDB,1800,2220,GR
202402226728860,2024-02-22,KGX,EDB,1830,2316,GR
202402236728860,2024-02-23,KGX,EDB,1830,2316,GR
202402226728868,2024-02-22,KGX,EDB,1900,2324,GR
202402236728868,2024-02-23,KGX,EDB,1900,2324,GR
202402266728789,2024-02-26,KGX,ABD,1600,2020,GR
202402276728789,2024-02-27,KGX,ABD,1600,2020,GR
202402286728789,2024-02-28,KGX,ABD,1600,2020,GR
202402296728789,2024-02-29,KGX,ABD,1600,2020,GR
202403017806233,2024-03-01,KGX,EDB,1600,2023,GR
202402266728837,2024-02-26,KGX,EDB,1630,2114,GR
202402276728837,2024-02-27,KGX,EDB,1630,2114,GR
202402286728837,2024-02-28,KGX,EDB,1630,2114,GR
202402297806167,2024-02-29,KGX,EDB,1630,2124,GR
202402266728855,2024-02-26,KGX,EDB,1700,2124,GR
202402276728855,2024-02-27,KGX,EDB,1700,2124,GR
202402286728855,2024-02-28,KGX,EDB,1700,2124,GR
202403017806232,2024-03-01,KGX,EDB,1700,2124,GR
202402266728859,2024-02-26,KGX,EDB,1730,2208,GR
202402276728859,2024-02-27,KGX,EDB,1730,2208,GR
202402286728859,2024-02-28,KGX,EDB,1730,2208,GR
202402297806165,2024-02-29,KGX,EDB,1730,2208,GR
202402266728885,2024-02-26,KGX,EDB,1800,2220,GR
202402276728885,2024-02-27,KGX,EDB,1800,2220,GR
202402286728885,2024-02-28,KGX,EDB,1800,2220,GR
202402296728885,2024-02-29,KGX,EDB,1800,2220,GR
202402266728860,2024-02-26,KGX,EDB,1830,2316,GR
202402276728860,2024-02-27,KGX,EDB,1830,2316,GR
202402286728860,2024-02-28,KGX,EDB,1830,2316,GR
202402296728860,2024-02-29,KGX,EDB,1830,2316,GR
202402266728868,2024-02-26,KGX,EDB,1900,2324,GR
202402276728868,2024-02-27,KGX,EDB,1900,2324,GR
202402286728868,2024-02-28,KGX,EDB,1900,2324,GR
202402296728868,2024-02-29,KGX,EDB,1900,2324,GR
202403046728789,2024-03-04,KGX,ABD,1600,2020,GR
202403056728789,2024-03-05,KGX,ABD,1600,2020,GR
202403076728789,2024-03-07,KGX,ABD,1600,2020,GR
202403086728789,2024-03-08,KGX,ABD,1600,2020,GR
202403046728837,2024-03-04,KGX,EDB,1630,2114,GR
202403056728837,2024-03-05,KGX,EDB,1630,2114,GR
202403066728837,2024-03-06,KGX,EDB,1630,2114,GR
202403076728837,2024-03-07,KGX,EDB,1630,2114,GR
202403086728837,2024-03-08,KGX,EDB,1630,2114,GR
202403046728855,2024-03-04,KGX,EDB,1700,2124,GR
202403056728855,2024-03-05,KGX,EDB,1700,2124,GR
202403066728855,2024-03-06,KGX,EDB,1700,2124,GR
202403076728855,2024-03-07,KGX,EDB,1700,2124,GR
202403086728855,2024-03-08,KGX,EDB,1700,2124,GR
202403046728859,2024-03-04,KGX,EDB,1730,2208,GR
202403056728859,2024-03-05,KGX,EDB,1730,2208,GR
202403066728859,2024-03-06,KGX,EDB,1730,2208,GR
202403076728859,2024-03-07,KGX,EDB,1730,2208,GR
202403086728859,2024-03-08,KGX,EDB,1730,2208,GR
202403046728885,2024-03-04,KGX,EDB,1800,2220,GR
202403056728885,2024-03-05,KGX,EDB,1800,2220,GR
202403066728885,2024-03-06,KGX,EDB,1800,2220,GR
202403076728885,2024-03-07,KGX,EDB,1800,2220,GR
202403086728885,2024-03-08,KGX,EDB,1800,2220,GR
202403046728860,2024-03-04,KGX,EDB,1830,2316,GR
202403086728860,2024-03-08,KGX,EDB,1830,2316,GR
202403046728868,2024-03-04,KGX,EDB,1900,2324,GR
202403056728868,2024-03-05,KGX,EDB,1900,2324,GR
202403066728868,2024-03-06,KGX,EDB,1900,2324,GR
202403076728868,2024-03-07,KGX,EDB,1900,2324,GR
202403086728868,2024-03-08,KGX,EDB,1900,2324,GR
202403116728789,2024-03-11,KGX,ABD,1600,2020,GR
202403126728789,2024-03-12,KGX,ABD,1600,2020,GR
202403136728789,2024-03-13,KGX,ABD,1600,2020,GR
202403146728789,2024-03-14,KGX,ABD,1600,2020,GR
202403156728789,2024-03-15,KGX,ABD,1600,2020,GR
202403116728837,2024-03-11,KGX,EDB,1630,2114,GR
202403126728837,2024-03-12,KGX,EDB,1630,2114,GR
202403136728837,2024-03-13,KGX,EDB,1630,2114,GR
202403146728837,2024-03-14,KGX,EDB,1630,2114,GR
202403156728837,2024-03-15,KGX,EDB,1630,2114,GR
202403116728855,2024-03-11,KGX,EDB,1700,2124,GR
202403126728855,2024-03-12,KGX,EDB,1700,2124,GR
202403136728855,2024-03-13,KGX,EDB,1700,2124,GR
202403146728855,2024-03-14,KGX,EDB,1700,2124,GR
202403156728855,2024-03-15,KGX,EDB,1700,2124,GR
202403116728859,2024-03-11,KGX,EDB,1730,2208,GR
202403126728859,2024-03-12,KGX,EDB,1730,2208,GR
202403146728859,2024-03-14,KGX,EDB,1730,2208,GR
202403156728859,2024-03-15,KGX,EDB,1730,2208,GR
202403116728885,2024-03-11,KGX,EDB,1800,2220,GR
202403126728885,2024-03-12,KGX,EDB,1800,2220,GR
202403146728885,2024-03-14,KGX,EDB,1800,2220,GR
202403156728885,2024-03-15,KGX,EDB,1800,2220,GR
202403116728860,2024-03-11,KGX,EDB,1830,2316,GR
202403126728860,2024-03-12,KGX,EDB,1830,2316,GR
202403136728860,2024-03-13,KGX,EDB,1830,2316,GR
202403146728860,2024-03-14,KGX,EDB,1830,2316,GR
202403156728860,2024-03-15,KGX,EDB,1830,2316,GR
202403116728868,2024-03-11,KGX,EDB,1900,2324,GR
202403126728868,2024-03-12,KGX,EDB,1900,2324,GR
202403136728868,2024-03-13,KGX,EDB,1900,2324,GR
202403146728868,2024-03-14,KGX,EDB,1900,2324,GR
202403156728868,2024-03-15,KGX,EDB,1900,2324,GR
202403186728789,2024-03-18,KGX,ABD,1600,2020,GR
202403206728789,2024-03-20,KGX,ABD,1600,2020,GR
202403216728789,2024-03-21,KGX,ABD,1600,2020,GR
202403226728789,2024-03-22,KGX,ABD,1600,2020,GR
202403186728837,2024-03-18,KGX,EDB,1630,2114,GR
202403206728837,2024-03-20,KGX,EDB,1630,2114,GR
202403216728837,2024-03-21,KGX,EDB,1630,2114,GR
202403226728837,2024-03-22,KGX,EDB,1630,2114,GR
202403186728855,2024-03-18,KGX,EDB,1700,2124,GR
202403206728855,2024-03-20,KGX,EDB,1700,2124,GR
202403216728855,2024-03-21,KGX,EDB,1700,2124,GR
202403226728855,2024-03-22,KGX,EDB,1700,2124,GR
202403186728859,2024-03-18,KGX,EDB,1730,2208,GR
202403206728859,2024-03-20,KGX,EDB,1730,2208,GR
202403216728859,2024-03-21,KGX,EDB,1730,2208,GR
202403226728859,2024-03-22,KGX,EDB,1730,2208,GR
202403186728885,2024-03-18,KGX,EDB,1800,2220,GR
202403206728885,2024-03-20,KGX,EDB,1800,2220,GR
202403216728885,2024-03-21,KGX,EDB,1800,2220,GR
202403226728885,2024-03-22,KGX,EDB,1800,2220,GR
202403186728860,2024-03-18,KGX,EDB,1830,2316,GR
202403206728860,2024-03-20,KGX,EDB,1830,2316,GR
202403216728860,2024-03-21,KGX,EDB,1830,2316,GR
202403226728860,2024-03-22,KGX,EDB,1830,2316,GR
202403186728868,2024-03-18,KGX,EDB,1900,2324,GR
202403206728868,2024-03-20,KGX,EDB,1900,2324,GR
202403216728868,2024-03-21,KGX,EDB,1900,2324,GR
202403226728868,2024-03-22,KGX,EDB,1900,2324,GR
202403256728789,2024-03-25,KGX,ABD,1600,2020,GR
202403266728789,2024-03-26,KGX,ABD,1600,2020,GR
202403276728789,2024-03-27,KGX,ABD,1600,2020,GR
202403286728789,2024-03-28,KGX,ABD,1600,2020,GR
202403296728789,2024-03-29,KGX,ABD,1600,2020,GR
202403256728837,2024-03-25,KGX,EDB,1630,2114,GR
202403266728837,2024-03-26,KGX,EDB,1630,2114,GR
202403276728837,2024-03-27,KGX,EDB,1630,2114,GR
202403286728837,2024-03-28,KGX,EDB,1630,2114,GR
202403296728837,2024-03-29,KGX,EDB,1630,2114,GR
202403256728855,2024-03-25,KGX,EDB,1700,2124,GR
202403266728855,2024-03-26,KGX,EDB,1700,2124,GR
202403276728855,2024-03-27,KGX,EDB,1700,2124,GR
202403286728855,2024-03-28,KGX,EDB,1700,2124,GR
202403296728855,2024-03-29,KGX,EDB,1700,2124,GR
202403256728859,2024-03-25,KGX,EDB,1730,2208,GR
202403266728859,2024-03-26,KGX,EDB,1730,2208,GR
202403276728859,2024-03-27,KGX,EDB,1730,2208,GR
202403286728859,2024-03-28,KGX,EDB,1730,2208,GR
202403296728859,2024-03-29,KGX,EDB,1730,2208,GR
202403256728885,2024-03-25,KGX,EDB,1800,2220,GR
202403266728885,2024-03-26,KGX,EDB,1800,2220,GR
202403276728885,2024-03-27,KGX,EDB,1800,2220,GR
202403286728885,2024-03-28,KGX,EDB,1800,2220,GR
202403296728885,2024-03-29,KGX,EDB,1800,2220,GR
202403256728860,2024-03-25,KGX,EDB,1830,2316,GR
202403266728860,2024-03-26,KGX,EDB,1830,2316,GR
202403276728860,2024-03-27,KGX,EDB,1830,2316,GR
202403286728860,2024-03-28,KGX,EDB,1830,2316,GR
202403296728860,2024-03-29,KGX,EDB,1830,2316,GR
202403256728868,2024-03-25,KGX,EDB,1900,2324,GR
202403266728868,2024-03-26,KGX,EDB,1900,2324,GR
202403276728868,2024-03-27,KGX,EDB,1900,2324,GR
202403286728868,2024-03-28,KGX,EDB,1900,2324,GR
202403296728868,2024-03-29,KGX,EDB,1900,2324,GR
202404016728789,2024-04-01,KGX,ABD,1600,2020,GR
202404026728789,2024-04-02,KGX,ABD,1600,2020,GR
202404036728789,2024-04-03,KGX,ABD,1600,2020,GR
202404046728789,2024-04-04,KGX,ABD,1600,2020,GR
202404056728789,2024-04-05,KGX,ABD,1600,2020,GR
202404016728837,2024-04-01,KGX,EDB,1630,2114,GR
202404026728837,2024-04-02,KGX,EDB,1630,2114,GR
202404036728837,2024-04-03,KGX,EDB,1630,2114,GR
202404046728837,2024-04-04,KGX,EDB,1630,2114,GR
202404057812585,2024-04-05,KGX,EDB,1630,2124,GR
202404016728855,2024-04-01,KGX,EDB,1700,2124,GR
202404026728855,2024-04-02,KGX,EDB,1700,2124,GR
202404036728855,2024-04-03,KGX,EDB,1700,2124,GR
202404046728855,2024-04-04,KGX,EDB,1700,2124,GR
202404016728859,2024-04-01,KGX,EDB,1730,2208,GR
202404026728859,2024-04-02,KGX,EDB,1730,2208,GR
202404036728859,2024-04-03,KGX,EDB,1730,2208,GR
202404046728859,2024-04-04,KGX,EDB,1730,2208,GR
202404056728859,2024-04-05,KGX,EDB,1730,2208,GR
202404016728885,2024-04-01,KGX,EDB,1800,2220,GR
202404026728885,2024-04-02,KGX,EDB,1800,2220,GR
202404036728885,2024-04-03,KGX,EDB,1800,2220,GR
202404046728885,2024-04-04,KGX,EDB,1800,2220,GR
202404056728885,2024-04-05,KGX,EDB,1800,2220,GR
202404016728860,2024-04-01,KGX,EDB,1830,2316,GR
202404026728860,2024-04-02,KGX,EDB,1830,2316,GR
202404036728860,2024-04-03,KGX,EDB,1830,2316,GR
202404046728860,2024-04-04,KGX,EDB,1830,2316,GR
202404057812583,2024-04-05,KGX,EDB,1830,2316,GR
202404016728868,2024-04-01,KGX,EDB,1900,2324,GR
202404026728868,2024-04-02,KGX,EDB,1900,2324,GR
202404036728868,2024-04-03,KGX,EDB,1900,2324,GR
202404046728868,2024-04-04,KGX,EDB,1900,2324,GR
202404056728868,2024-04-05,KGX,EDB,1900,2324,GR
202404086728789,2024-04-08,KGX,ABD,1600,2020,GR
202404096728789,2024-04-09,KGX,ABD,1600,2020,GR
202404106728789,2024-04-10,KGX,ABD,1600,2020,GR
202404116728789,2024-04-11,KGX,ABD,1600,2020,GR
202404126728789,2024-04-12,KGX,ABD,1600,2020,GR
202404086728837,2024-04-08,KGX,EDB,1630,2114,GR
202404096728837,2024-04-09,KGX,EDB,1630,2114,GR
202404106728837,2024-04-10,KGX,EDB,1630,2114,GR
202404116728837,2024-04-11,KGX,EDB,1630,2114,GR
202404126728837,2024-04-12,KGX,EDB,1630,2114,GR
202404086728855,2024-04-08,KGX,EDB,1700,2124,GR
202404096728855,2024-04-09,KGX,EDB,1700,2124,GR
202404106728855,2024-04-10,KGX,EDB,1700,2124,GR
202404116728855,2024-04-11,KGX,EDB,1700,2124,GR
202404126728855,2024-04-12,KGX,EDB,1700,2124,GR
202404086728859,2024-04-08,KGX,EDB,1730,2208,GR
202404096728859,2024-04-09,KGX,EDB,1730,2208,GR
202404106728859,2024-04-10,KGX,EDB,1730,2208,GR
202404116728859,2024-04-11,KGX,EDB,1730,2208,GR
202404126728859,2024-04-12,KGX,EDB,1730,2208,GR
202404086728885,2024-04-08,KGX,EDB,1800,2220,GR
202404096728885,2024-04-09,KGX,EDB,1800,2220,GR
202404106728885,2024-04-10,KGX,EDB,1800,2220,GR
202404116728885,2024-04-11,KGX,EDB,1800,2220,GR
202404126728885,2024-04-12,KGX,EDB,1800,2220,GR
202404086728860,2024-04-08,KGX,EDB,1830,2316,GR
202404096728860,2024-04-09,KGX,EDB,1830,2316,GR
202404106728860,2024-04-10,KGX,EDB,1830,2316,GR
202404116728860,2024-04-11,KGX,EDB,1830,2316,GR
202404126728860,2024-04-12,KGX,EDB,1830,2316,GR
202404086728868,2024-04-08,KGX,EDB,1900,2324,GR
202404096728868,2024-04-09,KGX,EDB,1900,2324,GR
202404106728868,2024-04-10,KGX,EDB,1900,2324,GR
202404116728868,2024-04-11,KGX,EDB,1900,2324,GR
202404126728868,2024-04-12,KGX,EDB,1900,2324,GR
202404156728789,2024-04-15,KGX,ABD,1600,2020,GR
202404166728789,2024-04-16,KGX,ABD,1600,2020,GR
202404176728789,2024-04-17,KGX,ABD,1600,2020,GR
202404186728789,2024-04-18,KGX,ABD,1600,2020,GR
202404196728789,2024-04-19,KGX,ABD,1600,2020,GR
202404156728837,2024-04-15,KGX,EDB,1630,2114,GR
202404166728837,2024-04-16,KGX,EDB,1630,2114,GR
202404176728837,2024-04-17,KGX,EDB,1630,2114,GR
202404186728837,2024-04-18,KGX,EDB,1630,2114,GR
202404197814471,2024-04-19,KGX,EDB,1630,2124,GR
202404156728855,2024-04-15,KGX,EDB,1700,2124,GR
202404166728855,2024-04-16,KGX,EDB,1700,2124,GR
202404176728855,2024-04-17,KGX,EDB,1700,2124,GR
202404186728855,2024-04-18,KGX,EDB,1700,2124,GR
202404156728859,2024-04-15,KGX,EDB,1730,2208,GR
202404166728859,2024-04-16,KGX,EDB,1730,2208,GR
202404176728859,2024-04-17,KGX,EDB,1730,2208,GR
202404186728859,2024-04-18,KGX,EDB,1730,2208,GR
202404196728859,2024-04-19,KGX,EDB,1730,2208,GR
202404156728885,2024-04-15,KGX,EDB,1800,2220,GR
202404166728885,2024-04-16,KGX,EDB,1800,2220,GR
202404176728885,2024-04-17,KGX,EDB,1800,2220,GR
202404186728885,2024-04-18,KGX,EDB,1800,2220,GR
202404196728885,2024-04-19,KGX,EDB,1800,2220,GR
202404156728860,2024-04-15,KGX,EDB,1830,2316,GR
202404166728860,2024-04-16,KGX,EDB,1830,2316,GR
202404176728860,2024-04-17,KGX,EDB,1830,2316,GR
202404186728860,2024-04-18,KGX,EDB,1830,2316,GR
202404197814469,2024-04-19,KGX,EDB,1830,2316,GR
202404156728868,2024-04-15,KGX,EDB,1900,2324,GR
202404166728868,2024-04-16,KGX,EDB,1900,2324,GR
202404176728868,2024-04-17,KGX,EDB,1900,2324,GR
202404186728868,2024-04-18,KGX,EDB,1900,2324,GR
202404196728868,2024-04-19,KGX,EDB,1900,2324,GR
202404226728789,2024-04-22,KGX,ABD,1600,2020,GR
202404236728789,2024-04-23,KGX,ABD,1600,2020,GR
202404246728789,2024-04-24,KGX,ABD,1600,2020,GR
202404256728789,2024-04-25,KGX,ABD,1600,2020,GR
202404266728789,2024-04-26,KGX,ABD,1600,2020,GR
202404226728837,2024-04-22,KGX,EDB,1630,2114,GR
202404236728837,2024-04-23,KGX,EDB,1630,2114,GR
202404246728837,2024-04-24,KGX,EDB,1630,2114,GR
202404256728837,2024-04-25,KGX,EDB,1630,2114,GR
202404266728837,2024-04-26,KGX,EDB,1630,2114,GR
202404226728855,2024-04-22,KGX,EDB,1700,2124,GR
202404236728855,2024-04-23,KGX,EDB,1700,2124,GR
202404246728855,2024-04-24,KGX,EDB,1700,2124,GR
202404256728855,2024-04-25,KGX,EDB,1700,2124,GR
202404266728855,2024-04-26,KGX,EDB,1700,2124,GR
202404226728859,2024-04-22,KGX,EDB,1730,2208,GR
202404236728859,2024-04-23,KGX,EDB,1730,2208,GR
202404246728859,2024-04-24,KGX,EDB,1730,2208,GR
202404256728859,2024-04-25,KGX,EDB,1730,2208,GR
202404266728859,2024-04-26,KGX,EDB,1730,2208,GR
202404226728885,2024-04-22,KGX,EDB,1800,2220,GR
202404236728885,2024-04-23,KGX,EDB,1800,2220,GR
202404246728885,2024-04-24,KGX,EDB,1800,2220,GR
202404256728885,2024-04-25,KGX,EDB,1800,2220,GR
202404266728885,2024-04-26,KGX,EDB,1800,2220,GR
202404226728860,2024-04-22,KGX,EDB,1830,2316,GR
202404236728860,2024-04-23,KGX,EDB,1830,2316,GR
202404246728860,2024-04-24,KGX,EDB,1830,2316,GR
202404256728860,2024-04-25,KGX,EDB,1830,2316,GR
202404266728860,2024-04-26,KGX,EDB,1830,2316,GR
202404226728868,2024-04-22,KGX,EDB,1900,2324,GR
202404236728868,2024-04-23,KGX,EDB,1900,2324,GR
202404246728868,2024-04-24,KGX,EDB,1900,2324,GR
202404256728868,2024-04-25,KGX,EDB,1900,2324,GR
202404266728868,2024-04-26,KGX,EDB,1900,2324,GR
202404296728789,2024-04-29,KGX,ABD,1600,2020,GR
202404306728789,2024-04-30,KGX,ABD,1600,2020,GR
202405016728789,2024-05-01,KGX,ABD,1600,2020,GR
202405026728789,2024-05-02,KGX,ABD,1600,2020,GR
202405036728789,2024-05-03,KGX,ABD,1600,2020,GR
202404296728837,2024-04-29,KGX,EDB,1630,2114,GR
202404306728837,2024-04-30,KGX,EDB,1630,2114,GR
202405016728837,2024-05-01,KGX,EDB,1630,2114,GR
202405026728837,2024-05-02,KGX,EDB,1630,2114,GR
202405036728837,2024-05-03,KGX,EDB,1630,2114,GR
202404296728855,2024-04-29,KGX,EDB,1700,2124,GR
202404306728855,2024-04-30,KGX,EDB,1700,2124,GR
202405016728855,2024-05-01,KGX,EDB,1700,2124,GR
202405026728855,2024-05-02,KGX,EDB,1700,2124,GR
202405036728855,2024-05-03,KGX,EDB,1700,2124,GR
202404296728859,2024-04-29,KGX,EDB,1730,2208,GR
202404306728859,2024-04-30,KGX,EDB,1730,2208,GR
202405016728859,2024-05-01,KGX,EDB,1730,2208,GR
202405026728859,2024-05-02,KGX,EDB,1730,2208,GR
202405036728859,2024-05-03,KGX,EDB,1730,2208,GR
202404296728885,2024-04-29,KGX,EDB,1800,2220,GR
202404306728885,2024-04-30,KGX,EDB,1800,2220,GR
202405016728885,2024-05-01,KGX,EDB,1800,2220,GR
202405026728885,2024-05-02,KGX,EDB,1800,2220,GR
202405036728885,2024-05-03,KGX,EDB,1800,2220,GR
202404296728860,2024-04-29,KGX,EDB,1830,2316,GR
202404306728860,2024-04-30,KGX,EDB,1830,2316,GR
202405016728860,2024-05-01,KGX,EDB,1830,2316,GR
202405026728860,2024-05-02,KGX,EDB,1830,2316,GR
202405036728860,2024-05-03,KGX,EDB,1830,2316,GR
202404296728868,2024-04-29,KGX,EDB,1900,2324,GR
202404306728868,2024-04-30,KGX,EDB,1900,2324,GR
202405016728868,2024-05-01,KGX,EDB,1900,2324,GR
202405026728868,2024-05-02,KGX,EDB,1900,2324,GR
202405036728868,2024-05-03,KGX,EDB,1900,2324,GR
202405066728789,2024-05-06,KGX,ABD,1600,2020,GR
202405076728789,2024-05-07,KGX,ABD,1600,2020,GR
202405086728789,2024-05-08,KGX,ABD,1600,2020,GR
202405106728789,2024-05-10,KGX,ABD,1600,2020,GR
202405097816750,2024-05-09,KGX,EDB,1600,2023,GR
202405066728837,2024-05-06,KGX,EDB,1630,2114,GR
202405076728837,2024-05-07,KGX,EDB,1630,2114,GR
202405086728837,2024-05-08,KGX,EDB,1630,2114,GR
202405106728837,2024-05-10,KGX,EDB,1630,2114,GR
202405066728855,2024-05-06,KGX,EDB,1700,2124,GR
202405076728855,2024-05-07,KGX,EDB,1700,2124,GR
202405086728855,2024-05-08,KGX,EDB,1700,2124,GR
202405097816749,2024-05-09,KGX,EDB,1700,2124,GR
202405106728855,2024-05-10,KGX,EDB,1700,2124,GR
202405066728859,2024-05-06,KGX,EDB,1730,2208,GR
202405076728859,2024-05-07,KGX,EDB,1730,2208,GR
202405086728859,2024-05-08,KGX,EDB,1730,2208,GR
202405106728859,2024-05-10,KGX,EDB,1730,2208,GR
202405066728885,2024-05-06,KGX,EDB,1800,2220,GR
202405076728885,2024-05-07,KGX,EDB,1800,2220,GR
202405086728885,2024-05-08,KGX,EDB,1800,2220,GR
202405106728885,2024-05-10,KGX,EDB,1800,2220,GR
202405066728860,2024-05-06,KGX,EDB,1830,2316,GR
202405076728860,2024-05-07,KGX,EDB,1830,2316,GR
202405086728860,2024-05-08,KGX,EDB,1830,2316,GR
202405106728860,2024-05-10,KGX,EDB,1830,2316,GR
202405066728868,2024-05-06,KGX,EDB,1900,2324,GR
202405076728868,2024-05-07,KGX,EDB,1900,2324,GR
202405086728868,2024-05-08,KGX,EDB,1900,2324,GR
202405106728868,2024-05-10,KGX,EDB,1900,2324,GR
202405136728789,2024-05-13,KGX,ABD,1600,2020,GR
202405146728789,2024-05-14,KGX,ABD,1600,2020,GR
202405156728789,2024-05-15,KGX,ABD,1600,2020,GR
202405166728789,2024-05-16,KGX,ABD,1600,2020,GR
202405176728789,2024-05-17,KGX,ABD,1600,2020,GR
202405136728837,2024-05-13,KGX,EDB,1630,2114,GR
202405146728837,2024-05-14,KGX,EDB,1630,2114,GR
202405156728837,2024-05-15,KGX,EDB,1630,2114,GR
202405166728837,2024-05-16,KGX,EDB,1630,2114,GR
202405176728837,2024-05-17,KGX,EDB,1630,2114,GR
202405136728855,2024-05-13,KGX,EDB,1700,2124,GR
202405146728855,2024-05-14,KGX,EDB,1700,2124,GR
202405156728855,2024-05-15,KGX,EDB,1700,2124,GR
202405166728855,2024-05-16,KGX,EDB,1700,2124,GR
202405176728855,2024-05-17,KGX,EDB,1700,2124,GR
202405136728859,2024-05-13,KGX,EDB,1730,2208,GR
202405146728859,2024-05-14,KGX,EDB,1730,2208,GR
202405156728859,2024-05-15,KGX,EDB,1730,2208,GR
202405166728859,2024-05-16,KGX,EDB,1730,2208,GR
202405176728859,2024-05-17,KGX,EDB,1730,2208,GR
202405136728885,2024-05-13,KGX,EDB,1800,2220,GR
202405146728885,2024-05-14,KGX,EDB,1800,2220,GR
202405156728885,2024-05-15,KGX,EDB,1800,2220,GR
202405166728885,2024-05-16,KGX,EDB,1800,2220,GR
202405176728885,2024-05-17,KGX,EDB,1800,2220,GR
202405136728860,2024-05-13,KGX,EDB,1830,2316,GR
202405146728860,2024-05-14,KGX,EDB,1830,2316,GR
202405156728860,2024-05-15,KGX,EDB,1830,2316,GR
202405166728860,2024-05-16,KGX,EDB,1830,2316,GR
202405176728860,2024-05-17,KGX,EDB,1830,2316,GR
202405136728868,2024-05-13,KGX,EDB,1900,2324,GR
202405146728868,2024-05-14,KGX,EDB,1900,2324,GR
202405156728868,2024-05-15,KGX,EDB,1900,2324,GR
202405166728868,2024-05-16,KGX,EDB,1900,2324,GR
202405176728868,2024-05-17,KGX,EDB,1900,2324,GR
202405206728789,2024-05-20,KGX,ABD,1600,2020,GR
202405216728789,2024-05-21,KGX,ABD,1600,2020,GR
202405226728789,2024-05-22,KGX,ABD,1600,2020,GR
202405236728789,2024-05-23,KGX,ABD,1600,2020,GR
202405246728789,2024-05-24,KGX,ABD,1600,2020,GR
202405206728837,2024-05-20,KGX,EDB,1630,2114,GR
202405216728837,2024-05-21,KGX,EDB,1630,2114,GR
202405226728837,2024-05-22,KGX,EDB,1630,2114,GR
202405236728837,2024-05-23,KGX,EDB,1630,2114,GR
202405246728837,2024-05-24,KGX,EDB,1630,2114,GR
202405206728855,2024-05-20,KGX,EDB,1700,2124,GR
202405216728855,2024-05-21,KGX,EDB,1700,2124,GR
202405226728855,2024-05-22,KGX,EDB,1700,2124,GR
202405236728855,2024-05-23,KGX,EDB,1700,2124,GR
202405246728855,2024-05-24,KGX,EDB,1700,2124,GR
202405206728859,2024-05-20,KGX,EDB,1730,2208,GR
202405216728859,2024-05-21,KGX,EDB,1730,2208,GR
202405236728859,2024-05-23,KGX,EDB,1730,2208,GR
202405246728859,2024-05-24,KGX,EDB,1730,2208,GR
202405206728885,2024-05-20,KGX,EDB,1800,2220,GR
202405216728885,2024-05-21,KGX,EDB,1800,2220,GR
202405236728885,2024-05-23,KGX,EDB,1800,2220,GR
202405246728885,2024-05-24,KGX,EDB,1800,2220,GR
202405206728860,2024-05-20,KGX,EDB,1830,2316,GR
202405216728860,2024-05-21,KGX,EDB,1830,2316,GR
202405236728860,2024-05-23,KGX,EDB,1830,2316,GR
202405246728860,2024-05-24,KGX,EDB,1830,2316,GR
202405206728868,2024-05-20,KGX,EDB,1900,2324,GR
202405216728868,2024-05-21,KGX,EDB,1900,2324,GR
202405236728868,2024-05-23,KGX,EDB,1900,2324,GR
202405246728868,2024-05-24,KGX,EDB,1900,2324,GR
202405276728789,2024-05-27,KGX,ABD,1600,2020,GR
202405286728789,2024-05-28,KGX,ABD,1600,2020,GR
202405296728789,2024-05-29,KGX,ABD,1600,2020,GR
202405306728789,2024-05-30,KGX,ABD,1600,2020,GR
202405316728789,2024-05-31,KGX,ABD,1600,2020,GR
202405276728837,2024-05-27,KGX,EDB,1630,2114,GR
202405286728837,2024-05-28,KGX,EDB,1630,2114,GR
202405296728837,2024-05-29,KGX,EDB,1630,2114,GR
202405306728837,2024-05-30,KGX,EDB,1630,2114,GR
202405316728837,2024-05-31,KGX,EDB,1630,2114,GR
202405276728855,2024-05-27,KGX,EDB,1700,2124,GR
202405286728855,2024-05-28,KGX,EDB,1700,2124,GR
202405296728855,2024-05-29,KGX,EDB,1700,2124,GR
202405306728855,2024-05-30,KGX,EDB,1700,2124,GR
202405316728855,2024-05-31,KGX,EDB,1700,2124,GR
202405276728859,2024-05-27,KGX,EDB,1730,2208,GR
202405286728859,2024-05-28,KGX,EDB,1730,2208,GR
202405296728859,2024-05-29,KGX,EDB,1730,2208,GR
202405306728859,2024-05-30,KGX,EDB,1730,2208,GR
202405316728859,2024-05-31,KGX,EDB,1730,2208,GR
202405276728885,2024-05-27,KGX,EDB,1800,2220,GR
202405286728885,2024-05-28,KGX,EDB,1800,2220,GR
202405296728885,2024-05-29,KGX,EDB,1800,2220,GR
202405306728885,2024-05-30,KGX,EDB,1800,2220,GR
202405316728885,2024-05-31,KGX,EDB,1800,2220,GR
202405276728860,2024-05-27,KGX,EDB,1830,2316,GR
202405286728860,2024-05-28,KGX,EDB,1830,2316,GR
202405296728860,2024-05-29,KGX,EDB,1830,2316,GR
202405306728860,2024-05-30,KGX,EDB,1830,2316,GR
202405316728860,2024-05-31,KGX,EDB,1830,2316,GR
202405276728868,2024-05-27,KGX,EDB,1900,2324,GR
202405286728868,2024-05-28,KGX,EDB,1900,2324,GR
202405296728868,2024-05-29,KGX,EDB,1900,2324,GR
202405306728868,2024-05-30,KGX,EDB,1900,2324,GR
202405316728868,2024-05-31,KGX,EDB,1900,2324,GR
202406036746722,2024-06-03,KGX,ABD,1600,2020,GR
202406046746722,2024-06-04,KGX,ABD,1600,2020,GR
202406056746722,2024-06-05,KGX,ABD,1600,2020,GR
202406066746722,2024-06-06,KGX,ABD,1600,2020,GR
202406076746722,2024-06-07,KGX,ABD,1600,2020,GR
202406036746839,2024-06-03,KGX,EDB,1630,2114,GR
202406046746839,2024-06-04,KGX,EDB,1630,2114,GR
202406056746839,2024-06-05,KGX,EDB,1630,2114,GR
202406066746839,2024-06-06,KGX,EDB,1630,2114,GR
202406076746839,2024-06-07,KGX,EDB,1630,2114,GR
202406036746786,2024-06-03,KGX,EDB,1700,2125,GR
202406046746786,2024-06-04,KGX,EDB,1700,2125,GR
202406056746786,2024-06-05,KGX,EDB,1700,2125,GR
202406066746786,2024-06-06,KGX,EDB,1700,2125,GR
202406076746786,2024-06-07,KGX,EDB,1700,2125,GR
202406036746693,2024-06-03,KGX,EDB,1730,2208,GR
202406046746693,2024-06-04,KGX,EDB,1730,2208,GR
202406056746693,2024-06-05,KGX,EDB,1730,2208,GR
202406066746693,2024-06-06,KGX,EDB,1730,2208,GR
202406076746693,2024-06-07,KGX,EDB,1730,2208,GR
202406036747075,2024-06-03,KGX,EDB,1800,2220,GR
202406046747075,2024-06-04,KGX,EDB,1800,2220,GR
202406056747075,2024-06-05,KGX,EDB,1800,2220,GR
202406066747075,2024-06-06,KGX,EDB,1800,2220,GR
202406076747075,2024-06-07,KGX,EDB,1800,2220,GR
202406036746690,2024-06-03,KGX,EDB,1830,2316,GR
202406046746690,2024-06-04,KGX,EDB,1830,2316,GR
202406056746690,2024-06-05,KGX,EDB,1830,2316,GR
202406066746690,2024-06-06,KGX,EDB,1830,2316,GR
202406076746690,2024-06-07,KGX,EDB,1830,2316,GR
202406036746759,2024-06-03,KGX,EDB,1900,2324,GR
202406046746759,2024-06-04,KGX,EDB,1900,2324,GR
202406056746759,2024-06-05,KGX,EDB,1900,2324,GR
202406066746759,2024-06-06,KGX,EDB,1900,2324,GR
202406076746759,2024-06-07,KGX,EDB,1900,2324,GR
202406106746722,2024-06-10,KGX,ABD,1600,2020,GR
202406116746722,2024-06-11,KGX,ABD,1600,2020,GR
202406126746722,2024-06-12,KGX,ABD,1600,2020,GR
202406136746722,2024-06-13,KGX,ABD,1600,2020,GR
202406146746722,2024-06-14,KGX,ABD,1600,2020,GR
202406106746839,2024-06-10,KGX,EDB,1630,2114,GR
202406116746839,2024-06-11,KGX,EDB,1630,2114,GR
202406126746839,2024-06-12,KGX,EDB,1630,2114,GR
202406136746839,2024-06-13,KGX,EDB,1630,2114,GR
202406146746839,2024-06-14,KGX,EDB,1630,2114,GR
202406106746786,2024-06-10,KGX,EDB,1700,2125,GR
202406116746786,2024-06-11,KGX,EDB,1700,2125,GR
202406126746786,2024-06-12,KGX,EDB,1700,2125,GR
202406136746786,2024-06-13,KGX,EDB,1700,2125,GR
202406146746786,2024-06-14,KGX,EDB,1700,2125,GR
202406106746693,2024-06-10,KGX,EDB,1730,2208,GR
202406116746693,2024-06-11,KGX,EDB,1730,2208,GR
202406126746693,2024-06-12,KGX,EDB,1730,2208,GR
202406136746693,2024-06-13,KGX,EDB,1730,2208,GR
202406146746693,2024-06-14,KGX,EDB,1730,2208,GR
202406106747075,2024-06-10,KGX,EDB,1800,2220,GR
202406116747075,2024-06-11,KGX,EDB,1800,2220,GR
202406126747075,2024-06-12,KGX,EDB,1800,2220,GR
202406136747075,2024-06-13,KGX,EDB,1800,2220,GR
202406146747075,2024-06-14,KGX,EDB,1800,2220,GR
202406106746690,2024-06-10,KGX,EDB,1830,2316,GR
202406116746690,2024-06-11,KGX,EDB,1830,2316,GR
202406126746690,2024-06-12,KGX,EDB,1830,2316,GR
202406136746690,2024-06-13,KGX,EDB,1830,2316,GR
202406146746690,2024-06-14,KGX,EDB,1830,2316,GR
202406106746759,2024-06-10,KGX,EDB,1900,2324,GR
202406116746759,2024-06-11,KGX,EDB,1900,2324,GR
202406126746759,2024-06-12,KGX,EDB,1900,2324,GR
202406136746759,2024-06-13,KGX,EDB,1900,2324,GR
202406146746759,2024-06-14,KGX,EDB,1900,2324,GR
202406176746722,2024-06-17,KGX,ABD,1600,2020,GR
202406186746722,2024-06-18,KGX,ABD,1600,2020,GR
202406196746722,2024-06-19,KGX,ABD,1600,2020,GR
202406206746722,2024-06-20,KGX,ABD,1600,2020,GR
202406216746722,2024-06-21,KGX,ABD,1600,2020,GR
202406176746839,2024-06-17,KGX,EDB,1630,2114,GR
202406186746839,2024-06-18,KGX,EDB,1630,2114,GR
202406196746839,2024-06-19,KGX,EDB,1630,2114,GR
202406206746839,2024-06-20,KGX,EDB,1630,2114,GR
202406216746839,2024-06-21,KGX,EDB,1630,2114,GR
202406176746786,2024-06-17,KGX,EDB,1700,2125,GR
202406186746786,2024-06-18,KGX,EDB,1700,2125,GR
202406196746786,2024-06-19,KGX,EDB,1700,2125,GR
202406206746786,2024-06-20,KGX,EDB,1700,2125,GR
202406216746786,2024-06-21,KGX,EDB,1700,2125,GR
202406176746693,2024-06-17,KGX,EDB,1730,2208,GR
202406186746693,2024-06-18,KGX,EDB,1730,2208,GR
202406196746693,2024-06-19,KGX,EDB,1730,2208,GR
202406206746693,2024-06-20,KGX,EDB,1730,2208,GR
202406216746693,2024-06-21,KGX,EDB,1730,2208,GR
202406176747075,2024-06-17,KGX,EDB,1800,2220,GR
202406186747075,2024-06-18,KGX,EDB,1800,2220,GR
202406196747075,2024-06-19,KGX,EDB,1800,2220,GR
202406206747075,2024-06-20,KGX,EDB,1800,2220,GR
202406216747075,2024-06-21,KGX,EDB,1800,2220,GR
202406176746690,2024-06-17,KGX,EDB,1830,2316,GR
202406186746690,2024-06-18,KGX,EDB,1830,2316,GR
202406196746690,2024-06-19,KGX,EDB,1830,2316,GR
202406206746690,2024-06-20,KGX,EDB,1830,2316,GR
202406216746690,2024-06-21,KGX,EDB,1830,2316,GR
202406176746759,2024-06-17,KGX,EDB,1900,2324,GR
202406186746759,2024-06-18,KGX,EDB,1900,2324,GR
202406196746759,2024-06-19,KGX,EDB,1900,2324,GR
202406206746759,2024-06-20,KGX,EDB,1900,2324,GR
202406216746759,2024-06-21,KGX,EDB,1900,2324,GR
202406246746722,2024-06-24,KGX,ABD,1600,2020,GR
202406256746722,2024-06-25,KGX,ABD,1600,2020,GR
202406266746722,2024-06-26,KGX,ABD,1600,2020,GR
202406276746722,2024-06-27,KGX,ABD,1600,2020,GR
202406286746722,2024-06-28,KGX,ABD,1600,2020,GR
202406246746839,2024-06-24,KGX,EDB,1630,2114,GR
202406256746839,2024-06-25,KGX,EDB,1630,2114,GR
202406266746839,2024-06-26,KGX,EDB,1630,2114,GR
202406276746839,2024-06-27,KGX,EDB,1630,2114,GR
202406286746839,2024-06-28,KGX,EDB,1630,2114,GR
202406246746786,2024-06-24,KGX,EDB,1700,2125,GR
202406256746786,2024-06-25,KGX,EDB,1700,2125,GR
202406266746786,2024-06-26,KGX,EDB,1700,2125,GR
202406276746786,2024-06-27,KGX,EDB,1700,2125,GR
202406286746786,2024-06-28,KGX,EDB,1700,2125,GR
202406246746693,2024-06-24,KGX,EDB,1730,2208,GR
202406256746693,2024-06-25,KGX,EDB,1730,2208,GR
202406266746693,2024-06-26,KGX,EDB,1730,2208,GR
202406276746693,2024-06-27,KGX,EDB,1730,2208,GR
202406286746693,2024-06-28,KGX,EDB,1730,2208,GR
202406246747075,2024-06-24,KGX,EDB,1800,2220,GR
202406256747075,2024-06-25,KGX,EDB,1800,2220,GR
202406266747075,2024-06-26,KGX,EDB,1800,2220,GR
202406276747075,2024-06-27,KGX,EDB,1800,2220,GR
202406286747075,2024-06-28,KGX,EDB,1800,2220,GR
202406246746690,2024-06-24,KGX,EDB,1830,2316,GR
202406256746690,2024-06-25,KGX,EDB,1830,2316,GR
202406266746690,2024-06-26,KGX,EDB,1830,2316,GR
202406276746690,2024-06-27,KGX,EDB,1830,2316,GR
202406286746690,2024-06-28,KGX,EDB,1830,2316,GR
202406246746759,2024-06-24,KGX,EDB,1900,2324,GR
202406256746759,2024-06-25,KGX,EDB,1900,2324,GR
202406266746759,2024-06-26,KGX,EDB,1900,2324,GR
202406276746759,2024-06-27,KGX,EDB,1900,2324,GR
202406286746759,2024-06-28,KGX,EDB,1900,2324,GR
202407016746722,2024-07-01,KGX,ABD,1600,2020,GR
202407026746722,2024-07-02,KGX,ABD,1600,2020,GR
202407036746722,2024-07-03,KGX,ABD,1600,2020,GR
202407046746722,2024-07-04,KGX,ABD,1600,2020,GR
202407056746722,2024-07-05,KGX,ABD,1600,2020,GR
202407016746839,2024-07-01,KGX,EDB,1630,2114,GR
202407026746839,2024-07-02,KGX,EDB,1630,2114,GR
202407036746839,2024-07-03,KGX,EDB,1630,2114,GR
202407046746839,2024-07-04,KGX,EDB,1630,2114,GR
202407056746839,2024-07-05,KGX,EDB,1630,2114,GR
202407016746786,2024-07-01,KGX,EDB,1700,2125,GR
202407026746786,2024-07-02,KGX,EDB,1700,2125,GR
202407036746786,2024-07-03,KGX,EDB,1700,2125,GR
202407046746786,2024-07-04,KGX,EDB,1700,2125,GR
202407056746786,2024-07-05,KGX,EDB,1700,2125,GR
202407016746693,2024-07-01,KGX,EDB,1730,2208,GR
202407026746693,2024-07-02,KGX,EDB,1730,2208,GR
202407036746693,2024-07-03,KGX,EDB,1730,2208,GR
202407046746693,2024-07-04,KGX,EDB,1730,2208,GR
202407056746693,2024-07-05,KGX,EDB,1730,2208,GR
202407016747075,2024-07-01,KGX,EDB,1800,2220,GR
202407026747075,2024-07-02,KGX,EDB,1800,2220,GR
202407036747075,2024-07-03,KGX,EDB,1800,2220,GR
202407046747075,2024-07-04,KGX,EDB,1800,2220,GR
202407056747075,2024-07-05,KGX,EDB,1800,2220,GR
202407016746690,2024-07-01,KGX,EDB,1830,2316,GR
202407026746690,2024-07-02,KGX,EDB,1830,2316,GR
202407036746690,2024-07-03,KGX,EDB,1830,2316,GR
202407046746690,2024-07-04,KGX,EDB,1830,2316,GR
202407056746690,2024-07-05,KGX,EDB,1830,2316,GR
202407016746759,2024-07-01,KGX,EDB,1900,2324,GR
202407026746759,2024-07-02,KGX,EDB,1900,2324,GR
202407036746759,2024-07-03,KGX,EDB,1900,2324,GR
202407046746759,2024-07-04,KGX,EDB,1900,2324,GR
202407056746759,2024-07-05,KGX,EDB,1900,2324,GR
202407086746722,2024-07-08,KGX,ABD,1600,2020,GR
202407096746722,2024-07-09,KGX,ABD,1600,2020,GR
202407106746722,2024-07-10,KGX,ABD,1600,2020,GR
202407116746722,2024-07-11,KGX,ABD,1600,2020,GR
202407126746722,2024-07-12,KGX,ABD,1600,2020,GR
202407086746839,2024-07-08,KGX,EDB,1630,2114,GR
202407096746839,2024-07-09,KGX,EDB,1630,2114,GR
202407106746839,2024-07-10,KGX,EDB,1630,2114,GR
202407116746839,2024-07-11,KGX,EDB,1630,2114,GR
202407126746839,2024-07-12,KGX,EDB,1630,2114,GR
202407086746786,2024-07-08,KGX,EDB,1700,2125,GR
202407096746786,2024-07-09,KGX,EDB,1700,2125,GR
202407106746786,2024-07-10,KGX,EDB,1700,2125,GR
202407116746786,2024-07-11,KGX,EDB,1700,2125,GR
202407126746786,2024-07-12,KGX,EDB,1700,2125,GR
202407086746693,2024-07-08,KGX,EDB,1730,2208,GR
202407096746693,2024-07-09,KGX,EDB,1730,2208,GR
202407106746693,2024-07-10,KGX,EDB,1730,2208,GR
202407116746693,2024-07-11,KGX,EDB,1730,2208,GR
202407126746693,2024-07-12,KGX,EDB,1730,2208,GR
202407086747075,2024-07-08,KGX,EDB,1800,2220,GR
202407096747075,2024-07-09,KGX,EDB,1800,2220,GR
202407106747075,2024-07-10,KGX,EDB,1800,2220,GR
202407116747075,2024-07-11,KGX,EDB,1800,2220,GR
202407126747075,2024-07-12,KGX,EDB,1800,2220,GR
202407086746690,2024-07-08,KGX,EDB,1830,2316,GR
202407096746690,2024-07-09,KGX,EDB,1830,2316,GR
202407106746690,2024-07-10,KGX,EDB,1830,2316,GR
202407116746690,2024-07-11,KGX,EDB,1830,2316,GR
202407126746690,2024-07-12,KGX,EDB,1830,2316,GR
202407086746759,2024-07-08,KGX,EDB,1900,2324,GR
202407096746759,2024-07-09,KGX,EDB,1900,2324,GR
202407106746759,2024-07-10,KGX,EDB,1900,2324,GR
202407116746759,2024-07-11,KGX,EDB,1900,2324,GR
202407126746759,2024-07-12,KGX,EDB,1900,2324,GR
202407156746722,2024-07-15,KGX,ABD,1600,2020,GR
202407166746722,2024-07-16,KGX,ABD,1600,2020,GR
202407176746722,2024-07-17,KGX,ABD,1600,2020,GR
202407186746722,2024-07-18,KGX,ABD,1600,2020,GR
202407196746722,2024-07-19,KGX,ABD,1600,2020,GR
202407156746839,2024-07-15,KGX,EDB,1630,2114,GR
202407166746839,2024-07-16,KGX,EDB,1630,2114,GR
202407176746839,2024-07-17,KGX,EDB,1630,2114,GR
202407186746839,2024-07-18,KGX,EDB,1630,2114,GR
202407196746839,2024-07-19,KGX,EDB,1630,2114,GR
202407156746786,2024-07-15,KGX,EDB,1700,2125,GR
202407166746786,2024-07-16,KGX,EDB,1700,2125,GR
202407176746786,2024-07-17,KGX,EDB,1700,2125,GR
202407186746786,2024-07-18,KGX,EDB,1700,2125,GR
202407196746786,2024-07-19,KGX,EDB,1700,2125,GR
202407156746693,2024-07-15,KGX,EDB,1730,2208,GR
202407166746693,2024-07-16,KGX,EDB,1730,2208,GR
202407176746693,2024-07-17,KGX,EDB,1730,2208,GR
202407186746693,2024-07-18,KGX,EDB,1730,2208,GR
202407196746693,2024-07-19,KGX,EDB,1730,2208,GR
202407156747075,2024-07-15,KGX,EDB,1800,2220,GR
202407166747075,2024-07-16,KGX,EDB,1800,2220,GR
202407176747075,2024-07-17,KGX,EDB,1800,2220,GR
202407186747075,2024-07-18,KGX,EDB,1800,2220,GR
202407196747075,2024-07-19,KGX,EDB,1800,2220,GR
202407156746690,2024-07-15,KGX,EDB,1830,2316,GR
202407166746690,2024-07-16,KGX,EDB,1830,2316,GR
202407176746690,2024-07-17,KGX,EDB,1830,2316,GR
202407186746690,2024-07-18,KGX,EDB,1830,2316,GR
202407196746690,2024-07-19,KGX,EDB,1830,2316,GR
202407156746759,2024-07-15,KGX,EDB,1900,2324,GR
202407166746759,2024-07-16,KGX,EDB,1900,2324,GR
202407176746759,2024-07-17,KGX,EDB,1900,2324,GR
202407186746759,2024-07-18,KGX,EDB,1900,2324,GR
202407196746759,2024-07-19,KGX,EDB,1900,2324,GR
202407226746722,2024-07-22,KGX,ABD,1600,2020,GR
202407236746722,2024-07-23,KGX,ABD,1600,2020,GR
202407246746722,2024-07-24,KGX,ABD,1600,2020,GR
202407256746722,2024-07-25,KGX,ABD,1600,2020,GR
202407266746722,2024-07-26,KGX,ABD,1600,2020,GR
202407226746839,2024-07-22,KGX,EDB,1630,2114,GR
202407236746839,2024-07-23,KGX,EDB,1630,2114,GR
202407246746839,2024-07-24,KGX,EDB,1630,2114,GR
202407256746839,2024-07-25,KGX,EDB,1630,2114,GR
202407266746839,2024-07-26,KGX,EDB,1630,2114,GR
202407226746786,2024-07-22,KGX,EDB,1700,2125,GR
202407236746786,2024-07-23,KGX,EDB,1700,2125,GR
202407246746786,2024-07-24,KGX,EDB,1700,2125,GR
202407256746786,2024-07-25,KGX,EDB,1700,2125,GR
202407266746786,2024-07-26,KGX,EDB,1700,2125,GR
202407226746693,2024-07-22,KGX,EDB,1730,2208,GR
202407236746693,2024-07-23,KGX,EDB,1730,2208,GR
202407246746693,2024-07-24,KGX,EDB,1730,2208,GR
202407256746693,2024-07-25,KGX,EDB,1730,2208,GR
202407266746693,2024-07-26,KGX,EDB,1730,2208,GR
202407226747075,2024-07-22,KGX,EDB,1800,2220,GR
202407236747075,2024-07-23,KGX,EDB,1800,2220,GR
202407246747075,2024-07-24,KGX,EDB,1800,2220,GR
202407256747075,2024-07-25,KGX,EDB,1800,2220,GR
202407266747075,2024-07-26,KGX,EDB,1800,2220,GR
202407226746690,2024-07-22,KGX,EDB,1830,2316,GR
202407236746690,2024-07-23,KGX,EDB,1830,2316,GR
202407246746690,2024-07-24,KGX,EDB,1830,2316,GR
202407256746690,2024-07-25,KGX,EDB,1830,2316,GR
202407266746690,2024-07-26,KGX,EDB,1830,2316,GR
202407226746759,2024-07-22,KGX,EDB,1900,2325,GR
202407236746759,2024-07-23,KGX,EDB,1900,2325,GR
202407246746759,2024-07-24,KGX,EDB,1900,2325,GR
202407256746759,2024-07-25,KGX,EDB,1900,2325,GR
202407266746759,2024-07-26,KGX,EDB,1900,2325,GR
202407296746722,2024-07-29,KGX,ABD,1600,2020,GR
202407306746722,2024-07-30,KGX,ABD,1600,2020,GR
202407316746722,2024-07-31,KGX,ABD,1600,2020,GR
202408016746722,2024-08-01,KGX,ABD,1600,2020,GR
202408026746722,2024-08-02,KGX,ABD,1600,2020,GR
202407296746839,2024-07-29,KGX,EDB,1630,2114,GR
202407306746839,2024-07-30,KGX,EDB,1630,2114,GR
202407316746839,2024-07-31,KGX,EDB,1630,2114,GR
202408016746839,2024-08-01,KGX,EDB,1630,2114,GR
202408026746839,2024-08-02,KGX,EDB,1630,2115,GR
202407296746786,2024-07-29,KGX,EDB,1700,2125,GR
202407306746786,2024-07-30,KGX,EDB,1700,2125,GR
202407316746786,2024-07-31,KGX,EDB,1700,2125,GR
202408016746786,2024-08-01,KGX,EDB,1700,2125,GR
202408026746786,2024-08-02,KGX,EDB,1700,2125,GR
202407296746693,2024-07-29,KGX,EDB,1730,2208,GR
202407306746693,2024-07-30,KGX,EDB,1730,2208,GR
202407316746693,2024-07-31,KGX,EDB,1730,2208,GR
202408016746693,2024-08-01,KGX,EDB,1730,2208,GR
202408026746693,2024-08-02,KGX,EDB,1730,2208,GR
202407296747075,2024-07-29,KGX,EDB,1800,2220,GR
202407306747075,2024-07-30,KGX,EDB,1800,2220,GR
202407316747075,2024-07-31,KGX,EDB,1800,2220,GR
202408016747075,2024-08-01,KGX,EDB,1800,2220,GR
202408026747075,2024-08-02,KGX,EDB,1800,2220,GR
202407296746690,2024-07-29,KGX,EDB,1830,2316,GR
202407306746690,2024-07-30,KGX,EDB,1830,2316,GR
202407316746690,2024-07-31,KGX,EDB,1830,2316,GR
202408016746690,2024-08-01,KGX,EDB,1830,2316,GR
202408026746690,2024-08-02,KGX,EDB,1830,2316,GR
202407306746759,2024-07-30,KGX,EDB,1900,2324,GR
202407316746759,2024-07-31,KGX,EDB,1900,2324,GR
202408016746759,2024-08-01,KGX,EDB,1900,2324,GR
202408026746759,2024-08-02,KGX,EDB,1900,2324,GR
202408056746722,2024-08-05,KGX,ABD,1600,2020,GR
202408066746722,2024-08-06,KGX,ABD,1600,2020,GR
202408076746722,2024-08-07,KGX,ABD,1600,2020,GR
202408086746722,2024-08-08,KGX,ABD,1600,2020,GR
202408096746722,2024-08-09,KGX,ABD,1600,2020,GR
202408056746839,2024-08-05,KGX,EDB,1630,2114,GR
202408066746839,2024-08-06,KGX,EDB,1630,2114,GR
202408076746839,2024-08-07,KGX,EDB,1630,2114,GR
202408086746839,2024-08-08,KGX,EDB,1630,2114,GR
202408096746839,2024-08-09,KGX,EDB,1630,2114,GR
202408056746786,2024-08-05,KGX,EDB,1700,2125,GR
202408066746786,2024-08-06,KGX,EDB,1700,2125,GR
202408076746786,2024-08-07,KGX,EDB,1700,2125,GR
202408086746786,2024-08-08,KGX,EDB,1700,2125,GR
202408096746786,2024-08-09,KGX,EDB,1700,2125,GR
202408056746693,2024-08-05,KGX,EDB,1730,2208,GR
202408066746693,2024-08-06,KGX,EDB,1730,2208,GR
202408076746693,2024-08-07,KGX,EDB,1730,2208,GR
202408086746693,2024-08-08,KGX,EDB,1730,2208,GR
202408096746693,2024-08-09,KGX,EDB,1730,2208,GR
202408056747075,2024-08-05,KGX,EDB,1800,2220,GR
202408066747075,2024-08-06,KGX,EDB,1800,2220,GR
202408076747075,2024-08-07,KGX,EDB,1800,2220,GR
202408086747075,2024-08-08,KGX,EDB,1800,2220,GR
202408096747075,2024-08-09,KGX,EDB,1800,2220,GR
202408056746690,2024-08-05,KGX,EDB,1830,2316,GR
202408066746690,2024-08-06,KGX,EDB,1830,2316,GR
202408076746690,2024-08-07,KGX,EDB,1830,2316,GR
202408086746690,2024-08-08,KGX,EDB,1830,2316,GR
202408096746690,2024-08-09,KGX,EDB,1830,2316,GR
202408056746759,2024-08-05,KGX,EDB,1900,2324,GR
202408066746759,2024-08-06,KGX,EDB,1900,2324,GR
202408076746759,2024-08-07,KGX,EDB,1900,2324,GR
202408086746759,2024-08-08,KGX,EDB,1900,2324,GR
202408096746759,2024-08-09,KGX,EDB,1900,2324,GR
202408126746722,2024-08-12,KGX,ABD,1600,2020,GR
202408136746722,2024-08-13,KGX,ABD,1600,2020,GR
202408146746722,2024-08-14,KGX,ABD,1600,2020,GR
202408156746722,2024-08-15,KGX,ABD,1600,2020,GR
202408166746722,2024-08-16,KGX,ABD,1600,2020,GR
202408126746839,2024-08-12,KGX,EDB,1630,2114,GR
202408136746839,2024-08-13,KGX,EDB,1630,2114,GR
202408146746839,2024-08-14,KGX,EDB,1630,2114,GR
202408156746839,2024-08-15,KGX,EDB,1630,2114,GR
202408166746839,2024-08-16,KGX,EDB,1630,2114,GR
202408126746786,2024-08-12,KGX,EDB,1700,2125,GR
202408136746786,2024-08-13,KGX,EDB,1700,2125,GR
202408146746786,2024-08-14,KGX,EDB,1700,2125,GR
202408156746786,2024-08-15,KGX,EDB,1700,2125,GR
202408166746786,2024-08-16,KGX,EDB,1700,2125,GR
202408126746693,2024-08-12,KGX,EDB,1730,2208,GR
202408136746693,2024-08-13,KGX,EDB,1730,2208,GR
202408146746693,2024-08-14,KGX,EDB,1730,2208,GR
202408156746693,2024-08-15,KGX,EDB,1730,2208,GR
202408166746693,2024-08-16,KGX,EDB,1730,2208,GR
202408126747075,2024-08-12,KGX,EDB,1800,2220,GR
202408136747075,2024-08-13,KGX,EDB,1800,2220,GR
202408146747075,2024-08-14,KGX,EDB,1800,2220,GR
202408156747075,2024-08-15,KGX,EDB,1800,2220,GR
202408166747075,2024-08-16,KGX,EDB,1800,2220,GR
202408126746690,2024-08-12,KGX,EDB,1830,2316,GR
202408136746690,2024-08-13,KGX,EDB,1830,2316,GR
202408146746690,2024-08-14,KGX,EDB,1830,2316,GR
202408156746690,2024-08-15,KGX,EDB,1830,2316,GR
202408166746690,2024-08-16,KGX,EDB,1830,2316,GR
202408126746759,2024-08-12,KGX,EDB,1900,2324,GR
202408136746759,2024-08-13,KGX,EDB,1900,2324,GR
202408146746759,2024-08-14,KGX,EDB,1900,2324,GR
202408156746759,2024-08-15,KGX,EDB,1900,2324,GR
202408166746759,2024-08-16,KGX,EDB,1900,2324,GR
202408196746722,2024-08-19,KGX,ABD,1600,2020,GR
202408206746722,2024-08-20,KGX,ABD,1600,2020,GR
202408216746722,2024-08-21,KGX,ABD,1600,2020,GR
202408226746722,2024-08-22,KGX,ABD,1600,2020,GR
202408236746722,2024-08-23,KGX,ABD,1600,2020,GR
202408196746839,2024-08-19,KGX,EDB,1630,2114,GR
202408206746839,2024-08-20,KGX,EDB,1630,2114,GR
202408216746839,2024-08-21,KGX,EDB,1630,2114,GR
202408226746839,2024-08-22,KGX,EDB,1630,2114,GR
202408236746839,2024-08-23,KGX,EDB,1630,2114,GR
202408196746786,2024-08-19,KGX,EDB,1700,2125,GR
202408206746786,2024-08-20,KGX,EDB,1700,2125,GR
202408216746786,2024-08-21,KGX,EDB,1700,2125,GR
202408226746786,2024-08-22,KGX,EDB,1700,2125,GR
202408236746786,2024-08-23,KGX,EDB,1700,2125,GR
202408196746693,2024-08-19,KGX,EDB,1730,2208,GR
202408206746693,2024-08-20,KGX,EDB,1730,2208,GR
202408216746693,2024-08-21,KGX,EDB,1730,2208,GR
202408226746693,2024-08-22,KGX,EDB,1730,2208,GR
202408236746693,2024-08-23,KGX,EDB,1730,2208,GR
202408196747075,2024-08-19,KGX,EDB,1800,2220,GR
202408216747075,2024-08-21,KGX,EDB,1800,2220,GR
202408226747075,2024-08-22,KGX,EDB,1800,2220,GR
202408236747075,2024-08-23,KGX,EDB,1800,2220,GR
202408196746690,2024-08-19,KGX,EDB,1830,2316,GR
202408206746690,2024-08-20,KGX,EDB,1830,2316,GR
202408216746690,2024-08-21,KGX,EDB,1830,2316,GR
202408226746690,2024-08-22,KGX,EDB,1830,2316,GR
202408236746690,2024-08-23,KGX,EDB,1830,2316,GR
202408196746759,2024-08-19,KGX,EDB,1900,2324,GR
202408206746759,2024-08-20,KGX,EDB,1900,2324,GR
202408216746759,2024-08-21,KGX,EDB,1900,2324,GR
202408226746759,2024-08-22,KGX,EDB,1900,2324,GR
202408236746759,2024-08-23,KGX,EDB,1900,2324,GR
202408266746722,2024-08-26,KGX,ABD,1600,2020,GR
202408276746722,2024-08-27,KGX,ABD,1600,2020,GR
202408286746722,2024-08-28,KGX,ABD,1600,2020,GR
202408296746722,2024-08-29,KGX,ABD,1600,2020,GR
202408306746722,2024-08-30,KGX,ABD,1600,2020,GR
202408266746839,2024-08-26,KGX,EDB,1630,2114,GR
202408276746839,2024-08-27,KGX,EDB,1630,2114,GR
202408286746839,2024-08-28,KGX,EDB,1630,2114,GR
202408296746839,2024-08-29,KGX,EDB,1630,2114,GR
202408306746839,2024-08-30,KGX,EDB,1630,2114,GR
202408266746786,2024-08-26,KGX,EDB,1700,2125,GR
202408276746786,2024-08-27,KGX,EDB,1700,2125,GR
202408286746786,2024-08-28,KGX,EDB,1700,2125,GR
202408296746786,2024-08-29,KGX,EDB,1700,2125,GR
202408306746786,2024-08-30,KGX,EDB,1700,2125,GR
202408266746693,2024-08-26,KGX,EDB,1730,2208,GR
202408276746693,2024-08-27,KGX,EDB,1730,2208,GR
202408286746693,2024-08-28,KGX,EDB,1730,2208,GR
202408296746693,2024-08-29,KGX,EDB,1730,2208,GR
202408306746693,2024-08-30,KGX,EDB,1730,2208,GR
202408266747075,2024-08-26,KGX,EDB,1800,2220,GR
202408276747075,2024-08-27,KGX,EDB,1800,2220,GR
202408286747075,2024-08-28,KGX,EDB,1800,2220,GR
202408296747075,2024-08-29,KGX,EDB,1800,2220,GR
202408306747075,2024-08-30,KGX,EDB,1800,2220,GR
202408266746690,2024-08-26,KGX,EDB,1830,2316,GR
202408276746690,2024-08-27,KGX,EDB,1830,2316,GR
202408286746690,2024-08-28,KGX,EDB,1830,2316,GR
202408296746690,2024-08-29,KGX,EDB,1830,2316,GR
202408306746690,2024-08-30,KGX,EDB,1830,2316,GR
202408266746759,2024-08-26,KGX,EDB,1900,2324,GR
202408276746759,2024-08-27,KGX,EDB,1900,2324,GR
202408286746759,2024-08-28,KGX,EDB,1900,2324,GR
202408296746759,2024-08-29,KGX,EDB,1900,2324,GR
202408306746759,2024-08-30,KGX,EDB,1900,2324,GR
202409026746722,2024-09-02,KGX,ABD,1600,2020,GR
202409036746722,2024-09-03,KGX,ABD,1600,2020,GR
202409046746722,2024-09-04,KGX,ABD,1600,2020,GR
202409056746722,2024-09-05,KGX,ABD,1600,2020,GR
202409066746722,2024-09-06,KGX,ABD,1600,2020,GR
202409026746839,2024-09-02,KGX,EDB,1630,2114,GR
202409036746839,2024-09-03,KGX,EDB,1630,2114,GR
202409046746839,2024-09-04,KGX,EDB,1630,2114,GR
202409056746839,2024-09-05,KGX,EDB,1630,2114,GR
202409066746839,2024-09-06,KGX,EDB,1630,2114,GR
202409026746786,2024-09-02,KGX,EDB,1700,2125,GR
202409036746786,2024-09-03,KGX,EDB,1700,2125,GR
202409046746786,2024-09-04,KGX,EDB,1700,2125,GR
202409056746786,2024-09-05,KGX,EDB,1700,2125,GR
202409066746786,2024-09-06,KGX,EDB,1700,2125,GR
202409026746693,2024-09-02,KGX,EDB,1730,2208,GR
202409036746693,2024-09-03,KGX,EDB,1730,2208,GR
202409046746693,2024-09-04,KGX,EDB,1730,2208,GR
202409056746693,2024-09-05,KGX,EDB,1730,2208,GR
202409066746693,2024-09-06,KGX,EDB,1730,2208,GR
202409026747075,2024-09-02,KGX,EDB,1800,2220,GR
202409036747075,2024-09-03,KGX,EDB,1800,2220,GR
202409046747075,2024-09-04,KGX,EDB,1800,2220,GR
202409056747075,2024-09-05,KGX,EDB,1800,2220,GR
202409066747075,2024-09-06,KGX,EDB,1800,2220,GR
202409026746690,2024-09-02,KGX,EDB,1830,2316,GR
202409036746690,2024-09-03,KGX,EDB,1830,2316,GR
202409046746690,2024-09-04,KGX,EDB,1830,2316,GR
202409056746690,2024-09-05,KGX,EDB,1830,2316,GR
202409066746690,2024-09-06,KGX,EDB,1830,2316,GR
202409026746759,2024-09-02,KGX,EDB,1900,2324,GR
202409036746759,2024-09-03,KGX,EDB,1900,2324,GR
202409046746759,2024-09-04,KGX,EDB,1900,2324,GR
202409056746759,2024-09-05,KGX,EDB,1900,2324,GR
202409066746759,2024-09-06,KGX,EDB,1900,2324,GR
202409096746722,2024-09-09,KGX,ABD,1600,2020,GR
202409106746722,2024-09-10,KGX,ABD,1600,2020,GR
202409116746722,2024-09-11,KGX,ABD,1600,2020,GR
202409126746722,2024-09-12,KGX,ABD,1600,2020,GR
202409136746722,2024-09-13,KGX,ABD,1600,2020,GR
202409096746839,2024-09-09,KGX,EDB,1630,2114,GR
202409106746839,2024-09-10,KGX,EDB,1630,2114,GR
202409116746839,2024-09-11,KGX,EDB,1630,2114,GR
202409126746839,2024-09-12,KGX,EDB,1630,2114,GR
202409136746839,2024-09-13,KGX,EDB,1630,2114,GR
202409096746786,2024-09-09,KGX,EDB,1700,2125,GR
202409106746786,2024-09-10,KGX,EDB,1700,2125,GR
202409116746786,2024-09-11,KGX,EDB,1700,2125,GR
202409126746786,2024-09-12,KGX,EDB,1700,2125,GR
202409136746786,2024-09-13,KGX,EDB,1700,2125,GR
202409096746693,2024-09-09,KGX,EDB,1730,2208,GR
202409106746693,2024-09-10,KGX,EDB,1730,2208,GR
202409116746693,2024-09-11,KGX,EDB,1730,2208,GR
202409126746693,2024-09-12,KGX,EDB,1730,2208,GR
202409136746693,2024-09-13,KGX,EDB,1730,2208,GR
202409096747075,2024-09-09,KGX,EDB,1800,2220,GR
202409106747075,2024-09-10,KGX,EDB,1800,2220,GR
202409116747075,2024-09-11,KGX,EDB,1800,2220,GR
202409126747075,2024-09-12,KGX,EDB,1800,2220,GR
202409136747075,2024-09-13,KGX,EDB,1800,2220,GR
202409096746690,2024-09-09,KGX,EDB,1830,2316,GR
202409106746690,2024-09-10,KGX,EDB,1830,2316,GR
202409116746690,2024-09-11,KGX,EDB,1830,2316,GR
202409126746690,2024-09-12,KGX,EDB,1830,2316,GR
202409136746690,2024-09-13,KGX,EDB,1830,2316,GR
202409096746759,2024-09-09,KGX,EDB,1900,2324,GR
202409106746759,2024-09-10,KGX,EDB,1900,2324,GR
202409116746759,2024-09-11,KGX,EDB,1900,2325,GR
202409126746759,2024-09-12,KGX,EDB,1900,2325,GR
202409136746759,2024-09-13,KGX,EDB,1900,2325,GR
202409166746722,2024-09-16,KGX,ABD,1600,2020,GR
202409176746722,2024-09-17,KGX,ABD,1600,2020,GR
202409186746722,2024-09-18,KGX,ABD,1600,2020,GR
202409196746722,2024-09-19,KGX,ABD,1600,2020,GR
202409206746722,2024-09-20,KGX,ABD,1600,2020,GR
202409166746839,2024-09-16,KGX,EDB,1630,2114,GR
202409176746839,2024-09-17,KGX,EDB,1630,2114,GR
202409186746839,2024-09-18,KGX,EDB,1630,2114,GR
202409196746839,2024-09-19,KGX,EDB,1630,2114,GR
202409206746839,2024-09-20,KGX,EDB,1630,2114,GR
202409166746786,2024-09-16,KGX,EDB,1700,2125,GR
202409176746786,2024-09-17,KGX,EDB,1700,2125,GR
202409186746786,2024-09-18,KGX,EDB,1700,2125,GR
202409196746786,2024-09-19,KGX,EDB,1700,2125,GR
202409206746786,2024-09-20,KGX,EDB,1700,2125,GR
202409166746693,2024-09-16,KGX,EDB,1730,2208,GR
202409176746693,2024-09-17,KGX,EDB,1730,2208,GR
202409186746693,2024-09-18,KGX,EDB,1730,2208,GR
202409196746693,2024-09-19,KGX,EDB,1730,2208,GR
202409206746693,2024-09-20,KGX,EDB,1730,2208,GR
202409166747075,2024-09-16,KGX,EDB,1800,2220,GR
202409176747075,2024-09-17,KGX,EDB,1800,2220,GR
202409186747075,2024-09-18,KGX,EDB,1800,2220,GR
202409196747075,2024-09-19,KGX,EDB,1800,2220,GR
202409206747075,2024-09-20,KGX,EDB,1800,2220,GR
202409166746690,2024-09-16,KGX,EDB,1830,2316,GR
202409176746690,2024-09-17,KGX,EDB,1830,2316,GR
202409186746690,2024-09-18,KGX,EDB,1830,2316,GR
202409196746690,2024-09-19,KGX,EDB,1830,2316,GR
202409206746690,2024-09-20,KGX,EDB,1830,2316,GR
202409166746759,2024-09-16,KGX,EDB,1900,2324,GR
202409176746759,2024-09-17,KGX,EDB,1900,2324,GR
202409186746759,2024-09-18,KGX,EDB,1900,2324,GR
202409196746759,2024-09-19,KGX,EDB,1900,2324,GR
202409206746759,2024-09-20,KGX,EDB,1900,2324,GR
202409236746722,2024-09-23,KGX,ABD,1600,2020,GR
202409246746722,2024-09-24,KGX,ABD,1600,2020,GR
202409256746722,2024-09-25,KGX,ABD,1600,2020,GR
202409266746722,2024-09-26,KGX,ABD,1600,2020,GR
202409276746722,2024-09-27,KGX,ABD,1600,2020,GR
202409236746839,2024-09-23,KGX,EDB,1630,2114,GR
202409246746839,2024-09-24,KGX,EDB,1630,2114,GR
202409256746839,2024-09-25,KGX,EDB,1630,2114,GR
202409266746839,2024-09-26,KGX,EDB,1630,2114,GR
202409276746839,2024-09-27,KGX,EDB,1630,2114,GR
202409236746786,2024-09-23,KGX,EDB,1700,2125,GR
202409246746786,2024-09-24,KGX,EDB,1700,2125,GR
202409256746786,2024-09-25,KGX,EDB,1700,2125,GR
202409266746786,2024-09-26,KGX,EDB,1700,2125,GR
202409276746786,2024-09-27,KGX,EDB,1700,2125,GR
202409236746693,2024-09-23,KGX,EDB,1730,2208,GR
202409246746693,2024-09-24,KGX,EDB,1730,2208,GR
202409256746693,2024-09-25,KGX,EDB,1730,2208,GR
202409266746693,2024-09-26,KGX,EDB,1730,2208,GR
202409276746693,2024-09-27,KGX,EDB,1730,2208,GR
202409236747075,2024-09-23,KGX,EDB,1800,2220,GR
202409246747075,2024-09-24,KGX,EDB,1800,2220,GR
202409256747075,2024-09-25,KGX,EDB,1800,2220,GR
202409266747075,2024-09-26,KGX,EDB,1800,2220,GR
202409276747075,2024-09-27,KGX,EDB,1800,2220,GR
202409236746690,2024-09-23,KGX,EDB,1830,2316,GR
202409246746690,2024-09-24,KGX,EDB,1830,2316,GR
202409256746690,2024-09-25,KGX,EDB,1830,2316,GR
202409266746690,2024-09-26,KGX,EDB,1830,2316,GR
202409276746690,2024-09-27,KGX,EDB,1830,2316,GR
202409236746759,2024-09-23,KGX,EDB,1900,2324,GR
202409246746759,2024-09-24,KGX,EDB,1900,2324,GR
202409256746759,2024-09-25,KGX,EDB,1900,2324,GR
202409266746759,2024-09-26,KGX,EDB,1900,2324,GR
202409276746759,2024-09-27,KGX,EDB,1900,2324,GR
202409306746722,2024-09-30,KGX,ABD,1600,2020,GR
202410016746722,2024-10-01,KGX,ABD,1600,2020,GR
202410026746722,2024-10-02,KGX,ABD,1600,2020,GR
202410036746722,2024-10-03,KGX,ABD,1600,2020,GR
202410046746722,2024-10-04,KGX,ABD,1600,2020,GR
202409306746839,2024-09-30,KGX,EDB,1630,2114,GR
202410016746839,2024-10-01,KGX,EDB,1630,2114,GR
202410026746839,2024-10-02,KGX,EDB,1630,2114,GR
202410036746839,2024-10-03,KGX,EDB,1630,2114,GR
202410046746839,2024-10-04,KGX,EDB,1630,2114,GR
202409306746786,2024-09-30,KGX,EDB,1700,2125,GR
202410016746786,2024-10-01,KGX,EDB,1700,2125,GR
202410026746786,2024-10-02,KGX,EDB,1700,2125,GR
202410036746786,2024-10-03,KGX,EDB,1700,2125,GR
202410046746786,2024-10-04,KGX,EDB,1700,2125,GR
202409306746693,2024-09-30,KGX,EDB,1730,2208,GR
202410016746693,2024-10-01,KGX,EDB,1730,2208,GR
202410026746693,2024-10-02,KGX,EDB,1730,2208,GR
202410036746693,2024-10-03,KGX,EDB,1730,2208,GR
202410046746693,2024-10-04,KGX,EDB,1730,2208,GR
202409306747075,2024-09-30,KGX,EDB,1800,2220,GR
202410016747075,2024-10-01,KGX,EDB,1800,2220,GR
202410026747075,2024-10-02,KGX,EDB,1800,2220,GR
202410036747075,2024-10-03,KGX,EDB,1800,2220,GR
202410046747075,2024-10-04,KGX,EDB,1800,2220,GR
202409306746690,2024-09-30,KGX,EDB,1830,2316,GR
202410016746690,2024-10-01,KGX,EDB,1830,2316,GR
202410026746690,2024-10-02,KGX,EDB,1830,2316,GR
202410036746690,2024-10-03,KGX,EDB,1830,2316,GR
202410046746690,2024-10-04,KGX,EDB,1830,2316,GR
202409306746759,2024-09-30,KGX,EDB,1900,2324,GR
202410016746759,2024-10-01,KGX,EDB,1900,2324,GR
202410026746759,2024-10-02,KGX,EDB,1900,2324,GR
202410036746759,2024-10-03,KGX,EDB,1900,2324,GR
202410046746759,2024-10-04,KGX,EDB,1900,2324,GR
202410076746722,2024-10-07,KGX,ABD,1600,2020,GR
202410086746722,2024-10-08,KGX,ABD,1600,2020,GR
202410096746722,2024-10-09,KGX,ABD,1600,2020,GR
202410106746722,2024-10-10,KGX,ABD,1600,2020,GR
202410116746722,2024-10-11,KGX,ABD,1600,2020,GR
202410076746839,2024-10-07,KGX,EDB,1630,2114,GR
202410086746839,2024-10-08,KGX,EDB,1630,2114,GR
202410096746839,2024-10-09,KGX,EDB,1630,2114,GR
202410106746839,2024-10-10,KGX,EDB,1630,2114,GR
202410116746839,2024-10-11,KGX,EDB,1630,2114,GR
202410076746786,2024-10-07,KGX,EDB,1700,2125,GR
202410086746786,2024-10-08,KGX,EDB,1700,2125,GR
202410096746786,2024-10-09,KGX,EDB,1700,2125,GR
202410106746786,2024-10-10,KGX,EDB,1700,2125,GR
202410116746786,2024-10-11,KGX,EDB,1700,2125,GR
202410076746693,2024-10-07,KGX,EDB,1730,2208,GR
202410086746693,2024-10-08,KGX,EDB,1730,2208,GR
202410096746693,2024-10-09,KGX,EDB,1730,2208,GR
202410106746693,2024-10-10,KGX,EDB,1730,2208,GR
202410116746693,2024-10-11,KGX,EDB,1730,2208,GR
202410076747075,2024-10-07,KGX,EDB,1800,2220,GR
202410086747075,2024-10-08,KGX,EDB,1800,2220,GR
202410096747075,2024-10-09,KGX,EDB,1800,2220,GR
202410106747075,2024-10-10,KGX,EDB,1800,2220,GR
202410116747075,2024-10-11,KGX,EDB,1800,2220,GR
202410076746690,2024-10-07,KGX,EDB,1830,2316,GR
202410086746690,2024-10-08,KGX,EDB,1830,2316,GR
202410096746690,2024-10-09,KGX,EDB,1830,2316,GR
202410106746690,2024-10-10,KGX,EDB,1830,2316,GR
202410116746690,2024-10-11,KGX,EDB,1830,2316,GR
202410076746759,2024-10-07,KGX,EDB,1900,2324,GR
202410086746759,2024-10-08,KGX,EDB,1900,2324,GR
202410096746759,2024-10-09,KGX,EDB,1900,2324,GR
202410106746759,2024-10-10,KGX,EDB,1900,2324,GR
202410116746759,2024-10-11,KGX,EDB,1900,2324,GR
202410146746722,2024-10-14,KGX,ABD,1600,2020,GR
202410156746722,2024-10-15,KGX,ABD,1600,2020,GR
202410166746722,2024-10-16,KGX,ABD,1600,2020,GR
202410176746722,2024-10-17,KGX,ABD,1600,2020,GR
202410186746722,2024-10-18,KGX,ABD,1600,2020,GR
202410146746839,2024-10-14,KGX,EDB,1630,2114,GR
202410156746839,2024-10-15,KGX,EDB,1630,2114,GR
202410166746839,2024-10-16,KGX,EDB,1630,2114,GR
202410176746839,2024-10-17,KGX,EDB,1630,2114,GR
202410186746839,2024-10-18,KGX,EDB,1630,2114,GR
202410146746786,2024-10-14,KGX,EDB,1700,2125,GR
202410156746786,2024-10-15,KGX,EDB,1700,2125,GR
202410166746786,2024-10-16,KGX,EDB,1700,2125,GR
202410176746786,2024-10-17,KGX,EDB,1700,2125,GR
202410186746786,2024-10-18,KGX,EDB,1700,2125,GR
202410146746693,2024-10-14,KGX,EDB,1730,2208,GR
202410156746693,2024-10-15,KGX,EDB,1730,2208,GR
202410166746693,2024-10-16,KGX,EDB,1730,2208,GR
202410176746693,2024-10-17,KGX,EDB,1730,2208,GR
202410186746693,2024-10-18,KGX,EDB,1730,2208,GR
202410146747075,2024-10-14,KGX,EDB,1800,2220,GR
202410156747075,2024-10-15,KGX,EDB,1800,2220,GR
202410166747075,2024-10-16,KGX,EDB,1800,2220,GR
202410176747075,2024-10-17,KGX,EDB,1800,2220,GR
202410186747075,2024-10-18,KGX,EDB,1800,2220,GR
202410146746690,2024-10-14,KGX,EDB,1830,2316,GR
202410156746690,2024-10-15,KGX,EDB,1830,2316,GR
202410166746690,2024-10-16,KGX,EDB,1830,2316,GR
202410176746690,2024-10-17,KGX,EDB,1830,2316,GR
202410186746690,2024-10-18,KGX,EDB,1830,2316,GR
202410146746759,2024-10-14,KGX,EDB,1900,2324,GR
202410156746759,2024-10-15,KGX,EDB,1900,2324,GR
202410166746759,2024-10-16,KGX,EDB,1900,2324,GR
202410176746759,2024-10-17,KGX,EDB,1900,2324,GR
202410186746759,2024-10-18,KGX,EDB,1900,2324,GR
202410216746722,2024-10-21,KGX,ABD,1600,2020,GR
202410226746722,2024-10-22,KGX,ABD,1600,2020,GR
202410236746722,2024-10-23,KGX,ABD,1600,2020,GR
202410246746722,2024-10-24,KGX,ABD,1600,2020,GR
202410256746722,2024-10-25,KGX,ABD,1600,2020,GR
202410216746839,2024-10-21,KGX,EDB,1630,2114,GR
202410226746839,2024-10-22,KGX,EDB,1630,2114,GR
202410236746839,2024-10-23,KGX,EDB,1630,2114,GR
202410246746839,2024-10-24,KGX,EDB,1630,2114,GR
202410256746839,2024-10-25,KGX,EDB,1630,2114,GR
202410216746786,2024-10-21,KGX,EDB,1700,2125,GR
202410226746786,2024-10-22,KGX,EDB,1700,2125,GR
202410236746786,2024-10-23,KGX,EDB,1700,2125,GR
202410246746786,2024-10-24,KGX,EDB,1700,2125,GR
202410256746786,2024-10-25,KGX,EDB,1700,2125,GR
202410216746693,2024-10-21,KGX,EDB,1730,2208,GR
202410226746693,2024-10-22,KGX,EDB,1730,2208,GR
202410236746693,2024-10-23,KGX,EDB,1730,2208,GR
202410246746693,2024-10-24,KGX,EDB,1730,2208,GR
202410256746693,2024-10-25,KGX,EDB,1730,2208,GR
202410216747075,2024-10-21,KGX,EDB,1800,2220,GR
202410226747075,2024-10-22,KGX,EDB,1800,2220,GR
202410236747075,2024-10-23,KGX,EDB,1800,2220,GR
202410246747075,2024-10-24,KGX,EDB,1800,2220,GR
202410256747075,2024-10-25,KGX,EDB,1800,2220,GR
202410216746690,2024-10-21,KGX,EDB,1830,2316,GR
202410226746690,2024-10-22,KGX,EDB,1830,2316,GR
202410236746690,2024-10-23,KGX,EDB,1830,2316,GR
202410246746690,2024-10-24,KGX,EDB,1830,2316,GR
202410256746690,2024-10-25,KGX,EDB,1830,2316,GR
202410216746759,2024-10-21,KGX,EDB,1900,2324,GR
202410226746759,2024-10-22,KGX,EDB,1900,2324,GR
202410236746759,2024-10-23,KGX,EDB,1900,2324,GR
202410246746759,2024-10-24,KGX,EDB,1900,2324,GR
202410256746759,2024-10-25,KGX,EDB,1900,2324,GR
202410286746722,2024-10-28,KGX,ABD,1600,2020,GR
202410296746722,2024-10-29,KGX,ABD,1600,2020,GR
202410306746722,2024-10-30,KGX,ABD,1600,2020,GR
202410316746722,2024-10-31,KGX,ABD,1600,2020,GR
202411016746722,2024-11-01,KGX,ABD,1600,2020,GR
202410286746839,2024-10-28,KGX,EDB,1630,2114,GR
202410296746839,2024-10-29,KGX,EDB,1630,2114,GR
202410306746839,2024-10-30,KGX,EDB,1630,2114,GR
202410316746839,2024-10-31,KGX,EDB,1630,2114,GR
202411016746839,2024-11-01,KGX,EDB,1630,2114,GR
202410286746786,2024-10-28,KGX,EDB,1700,2125,GR
202410296746786,2024-10-29,KGX,EDB,1700,2125,GR
202410306746786,2024-10-30,KGX,EDB,1700,2125,GR
202410316746786,2024-10-31,KGX,EDB,1700,2125,GR
202411016746786,2024-11-01,KGX,EDB,1700,2125,GR
202410286746693,2024-10-28,KGX,EDB,1730,2208,GR
202410296746693,2024-10-29,KGX,EDB,1730,2208,GR
202410306746693,2024-10-30,KGX,EDB,1730,2208,GR
202410316746693,2024-10-31,KGX,EDB,1730,2208,GR
202411016746693,2024-11-01,KGX,EDB,1730,2208,GR
202410286747075,2024-10-28,KGX,EDB,1800,2220,GR
202410296747075,2024-10-29,KGX,EDB,1800,2220,GR
202410306747075,2024-10-30,KGX,EDB,1800,2220,GR
202410316747075,2024-10-31,KGX,EDB,1800,2220,GR
202411016747075,2024-11-01,KGX,EDB,1800,2220,GR
202410286746690,2024-10-28,KGX,EDB,1830,2316,GR
202410296746690,2024-10-29,KGX,EDB,1830,2316,GR
202410306746690,2024-10-30,KGX,EDB,1830,2316,GR
202410316746690,2024-10-31,KGX,EDB,1830,2316,GR
202411016746690,2024-11-01,KGX,EDB,1830,2316,GR
202410286746759,2024-10-28,KGX,EDB,1900,2324,GR
202410296746759,2024-10-29,KGX,EDB,1900,2324,GR
202410306746759,2024-10-30,KGX,EDB,1900,2324,GR
202410316746759,2024-10-31,KGX,EDB,1900,2324,GR
202411016746759,2024-11-01,KGX,EDB,1900,2324,GR
202411046746722,2024-11-04,KGX,ABD,1600,2020,GR
202411056746722,2024-11-05,KGX,ABD,1600,2020,GR
202411066746722,2024-11-06,KGX,ABD,1600,2020,GR
202411076746722,2024-11-07,KGX,ABD,1600,2020,GR
202411086746722,2024-11-08,KGX,ABD,1600,2020,GR
202411046746839,2024-11-04,KGX,EDB,1630,2114,GR
202411056746839,2024-11-05,KGX,EDB,1630,2114,GR
202411066746839,2024-11-06,KGX,EDB,1630,2114,GR
202411076746839,2024-11-07,KGX,EDB,1630,2114,GR
202411086746839,2024-11-08,KGX,EDB,1630,2114,GR
202411046746786,2024-11-04,KGX,EDB,1700,2125,GR
202411056746786,2024-11-05,KGX,EDB,1700,2125,GR
202411066746786,2024-11-06,KGX,EDB,1700,2125,GR
202411076746786,2024-11-07,KGX,EDB,1700,2125,GR
202411086746786,2024-11-08,KGX,EDB,1700,2125,GR
202411046746693,2024-11-04,KGX,EDB,1730,2208,GR
202411056746693,2024-11-05,KGX,EDB,1730,2208,GR
202411066746693,2024-11-06,KGX,EDB,1730,2208,GR
202411076746693,2024-11-07,KGX,EDB,1730,2208,GR
202411086746693,2024-11-08,KGX,EDB,1730,2208,GR
202411046747075,2024-11-04,KGX,EDB,1800,2220,GR
202411056747075,2024-11-05,KGX,EDB,1800,2220,GR
202411066747075,2024-11-06,KGX,EDB,1800,2220,GR
202411076747075,2024-11-07,KGX,EDB,1800,2220,GR
202411086747075,2024-11-08,KGX,EDB,1800,2220,GR
202411046746690,2024-11-04,KGX,EDB,1830,2316,GR
202411056746690,2024-11-05,KGX,EDB,1830,2316,GR
202411066746690,2024-11-06,KGX,EDB,1830,2316,GR
202411076746690,2024-11-07,KGX,EDB,1830,2316,GR
202411086746690,2024-11-08,KGX,EDB,1830,2316,GR
202411046746759,2024-11-04,KGX,EDB,1900,2324,GR
202411056746759,2024-11-05,KGX,EDB,1900,2324,GR
202411066746759,2024-11-06,KGX,EDB,1900,2324,GR
202411076746759,2024-11-07,KGX,EDB,1900,2324,GR
202411086746759,2024-11-08,KGX,EDB,1900,2324,GR
202411116746722,2024-11-11,KGX,ABD,1600,2020,GR
202411126746722,2024-11-12,KGX,ABD,1600,2020,GR
202411136746722,2024-11-13,KGX,ABD,1600,2020,GR
202411146746722,2024-11-14,KGX,ABD,1600,2020,GR
202411156746722,2024-11-15,KGX,ABD,1600,2020,GR
202411116746839,2024-11-11,KGX,EDB,1630,2114,GR
202411126746839,2024-11-12,KGX,EDB,1630,2114,GR
202411136746839,2024-11-13,KGX,EDB,1630,2114,GR
202411146746839,2024-11-14,KGX,EDB,1630,2114,GR
202411156746839,2024-11-15,KGX,EDB,1630,2114,GR
202411116746786,2024-11-11,KGX,EDB,1700,2125,GR
202411126746786,2024-11-12,KGX,EDB,1700,2125,GR
202411136746786,2024-11-13,KGX,EDB,1700,2125,GR
202411146746786,2024-11-14,KGX,EDB,1700,2125,GR
202411156746786,2024-11-15,KGX,EDB,1700,2125,GR
202411116746693,2024-11-11,KGX,EDB,1730,2208,GR
202411126746693,2024-11-12,KGX,EDB,1730,2208,GR
202411136746693,2024-11-13,KGX,EDB,1730,2208,GR
202411146746693,2024-11-14,KGX,EDB,1730,2208,GR
202411156746693,2024-11-15,KGX,EDB,1730,2208,GR
202411116747075,2024-11-11,KGX,EDB,1800,2220,GR
202411126747075,2024-11-12,KGX,EDB,1800,2220,GR
202411136747075,2024-11-13,KGX,EDB,1800,2220,GR
202411146747075,2024-11-14,KGX,EDB,1800,2220,GR
202411156747075,2024-11-15,KGX,EDB,1800,2220,GR
202411116746690,2024-11-11,KGX,EDB,1830,2316,GR
202411126746690,2024-11-12,KGX,EDB,1830,2316,GR
202411136746690,2024-11-13,KGX,EDB,1830,2316,GR
202411146746690,2024-11-14,KGX,EDB,1830,2316,GR
202411156746690,2024-11-15,KGX,EDB,1830,2316,GR
202411116746759,2024-11-11,KGX,EDB,1900,2324,GR
202411126746759,2024-11-12,KGX,EDB,1900,2324,GR
202411136746759,2024-11-13,KGX,EDB,1900,2324,GR
202411146746759,2024-11-14,KGX,EDB,1900,2324,GR
202411156746759,2024-11-15,KGX,EDB,1900,2324,GR
202411186746722,2024-11-18,KGX,ABD,1600,2020,GR
202411196746722,2024-11-19,KGX,ABD,1600,2020,GR
202411206746722,2024-11-20,KGX,ABD,1600,2020,GR
202411216746722,2024-11-21,KGX,ABD,1600,2020,GR
202411226746722,2024-11-22,KGX,ABD,1600,2020,GR
202411186746839,2024-11-18,KGX,EDB,1630,2114,GR
202411196746839,2024-11-19,KGX,EDB,1630,2114,GR
202411206746839,2024-11-20,KGX,EDB,1630,2114,GR
202411216746839,2024-11-21,KGX,EDB,1630,2114,GR
202411226746839,2024-11-22,KGX,EDB,1630,2114,GR
202411186746786,2024-11-18,KGX,EDB,1700,2125,GR
202411196746786,2024-11-19,KGX,EDB,1700,2125,GR
202411206746786,2024-11-20,KGX,EDB,1700,2125,GR
202411216746786,2024-11-21,KGX,EDB,1700,2125,GR
202411226746786,2024-11-22,KGX,EDB,1700,2125,GR
202411186746693,2024-11-18,KGX,EDB,1730,2208,GR
202411196746693,2024-11-19,KGX,EDB,1730,2208,GR
202411206746693,2024-11-20,KGX,EDB,1730,2208,GR
202411216746693,2024-11-21,KGX,EDB,1730,2208,GR
202411226746693,2024-11-22,KGX,EDB,1730,2208,GR
202411186747075,2024-11-18,KGX,EDB,1800,2220,GR
202411196747075,2024-11-19,KGX,EDB,1800,2220,GR
202411206747075,2024-11-20,KGX,EDB,1800,2220,GR
202411216747075,2024-11-21,KGX,EDB,1800,2220,GR
202411226747075,2024-11-22,KGX,EDB,1800,2220,GR
202411186746690,2024-11-18,KGX,EDB,1830,2316,GR
202411196746690,2024-11-19,KGX,EDB,1830,2316,GR
202411206746690,2024-11-20,KGX,EDB,1830,2316,GR
202411216746690,2024-11-21,KGX,EDB,1830,2316,GR
202411226746690,2024-11-22,KGX,EDB,1830,2316,GR
202411186746759,2024-11-18,KGX,EDB,1900,2324,GR
202411196746759,2024-11-19,KGX,EDB,1900,2324,GR
202411206746759,2024-11-20,KGX,EDB,1900,2324,GR
202411216746759,2024-11-21,KGX,EDB,1900,2324,GR
202411226746759,2024-11-22,KGX,EDB,1900,2324,GR
202411256746722,2024-11-25,KGX,ABD,1600,2021,GR
202411266746722,2024-11-26,KGX,ABD,1600,2021,GR
202411276746722,2024-11-27,KGX,ABD,1600,2021,GR
202411286746722,2024-11-28,KGX,ABD,1600,2021,GR
202411296746722,2024-11-29,KGX,ABD,1600,2021,GR
202411256746839,2024-11-25,KGX,EDB,1630,2114,GR
202411266746839,2024-11-26,KGX,EDB,1630,2114,GR
202411276746839,2024-11-27,KGX,EDB,1630,2114,GR
202411286746839,2024-11-28,KGX,EDB,1630,2114,GR
202411296746839,2024-11-29,KGX,EDB,1630,2114,GR
202411256746786,2024-11-25,KGX,EDB,1700,2125,GR
202411266746786,2024-11-26,KGX,EDB,1700,2125,GR
202411276746786,2024-11-27,KGX,EDB,1700,2125,GR
202411286746786,2024-11-28,KGX,EDB,1700,2125,GR
202411256746693,2024-11-25,KGX,EDB,1730,2208,GR
202411266746693,2024-11-26,KGX,EDB,1730,2208,GR
202411276746693,2024-11-27,KGX,EDB,1730,2208,GR
202411286746693,2024-11-28,KGX,EDB,1730,2208,GR
202411296746693,2024-11-29,KGX,EDB,1730,2208,GR
202411256747075,2024-11-25,KGX,EDB,1800,2220,GR
202411266747075,2024-11-26,KGX,EDB,1800,2220,GR
202411276747075,2024-11-27,KGX,EDB,1800,2220,GR
202411286747075,2024-11-28,KGX,EDB,1800,2220,GR
202411296747075,2024-11-29,KGX,EDB,1800,2220,GR
202411256746690,2024-11-25,KGX,EDB,1830,2316,GR
202411266746690,2024-11-26,KGX,EDB,1830,2316,GR
202411276746690,2024-11-27,KGX,EDB,1830,2316,GR
202411286746690,2024-11-28,KGX,EDB,1830,2316,GR
202411296746690,2024-11-29,KGX,EDB,1830,2316,GR
202411256746759,2024-11-25,KGX,EDB,1900,2324,GR
202411266746759,2024-11-26,KGX,EDB,1900,2324,GR
202411276746759,2024-11-27,KGX,EDB,1900,2324,GR
202411286746759,2024-11-28,KGX,EDB,1900,2324,GR
202411296746759,2024-11-29,KGX,EDB,1900,2324,GR
202412026746722,2024-12-02,KGX,ABD,1600,2020,GR
202412036746722,2024-12-03,KGX,ABD,1600,2020,GR
202412046746722,2024-12-04,KGX,ABD,1600,2020,GR
202412056746722,2024-12-05,KGX,ABD,1600,2020,GR
202412066746722,2024-12-06,KGX,ABD,1600,2020,GR
202412026746839,2024-12-02,KGX,EDB,1630,2114,GR
202412036746839,2024-12-03,KGX,EDB,1630,2114,GR
202412046746839,2024-12-04,KGX,EDB,1630,2114,GR
202412056746839,2024-12-05,KGX,EDB,1630,2114,GR
202412066746839,2024-12-06,KGX,EDB,1630,2114,GR
202412026746786,2024-12-02,KGX,EDB,1700,2125,GR
202412036746786,2024-12-03,KGX,EDB,1700,2125,GR
202412046746786,2024-12-04,KGX,EDB,1700,2125,GR
202412056746786,2024-12-05,KGX,EDB,1700,2125,GR
202412066746786,2024-12-06,KGX,EDB,1700,2125,GR
202412026746693,2024-12-02,KGX,EDB,1730,2208,GR
202412036746693,2024-12-03,KGX,EDB,1730,2208,GR
202412046746693,2024-12-04,KGX,EDB,1730,2208,GR
202412056746693,2024-12-05,KGX,EDB,1730,2208,GR
202412066746693,2024-12-06,KGX,EDB,1730,2208,GR
202412026747075,2024-12-02,KGX,EDB,1800,2220,GR
202412036747075,2024-12-03,KGX,EDB,1800,2220,GR
202412046747075,2024-12-04,KGX,EDB,1800,2220,GR
202412056747075,2024-12-05,KGX,EDB,1800,2220,GR
202412066747075,2024-12-06,KGX,EDB,1800,2220,GR
202412026746690,2024-12-02,KGX,EDB,1830,2316,GR
202412036746690,2024-12-03,KGX,EDB,1830,2316,GR
202412046746690,2024-12-04,KGX,EDB,1830,2316,GR
202412056746690,2024-12-05,KGX,EDB,1830,2316,GR
202412066746690,2024-12-06,KGX,EDB,1830,2316,GR
202412026746759,2024-12-02,KGX,EDB,1900,2324,GR
202412036746759,2024-12-03,KGX,EDB,1900,2324,GR
202412046746759,2024-12-04,KGX,EDB,1900,2324,GR
202412056746759,2024-12-05,KGX,EDB,1900,2324,GR
202412066746759,2024-12-06,KGX,EDB,1900,2324,GR
202412096746722,2024-12-09,KGX,ABD,1600,2020,GR
202412106746722,2024-12-10,KGX,ABD,1600,2020,GR
202412116746722,2024-12-11,KGX,ABD,1600,2020,GR
202412126746722,2024-12-12,KGX,ABD,1600,2020,GR
202412136746722,2024-12-13,KGX,ABD,1600,2020,GR
202412096746839,2024-12-09,KGX,EDB,1630,2114,GR
202412106746839,2024-12-10,KGX,EDB,1630,2114,GR
202412116746839,2024-12-11,KGX,EDB,1630,2114,GR
202412126746839,2024-12-12,KGX,EDB,1630,2114,GR
202412136746839,2024-12-13,KGX,EDB,1630,2114,GR
202412096746786,2024-12-09,KGX,EDB,1700,2125,GR
202412106746786,2024-12-10,KGX,EDB,1700,2125,GR
202412116746786,2024-12-11,KGX,EDB,1700,2125,GR
202412126746786,2024-12-12,KGX,EDB,1700,2125,GR
202412136746786,2024-12-13,KGX,EDB,1700,2125,GR
202412106746693,2024-12-10,KGX,EDB,1730,2208,GR
202412116746693,2024-12-11,KGX,EDB,1730,2208,GR
202412126746693,2024-12-12,KGX,EDB,1730,2208,GR
202412136746693,2024-12-13,KGX,EDB,1730,2208,GR
202412106747075,2024-12-10,KGX,EDB,1800,2220,GR
202412116747075,2024-12-11,KGX,EDB,1800,2220,GR
202412126747075,2024-12-12,KGX,EDB,1800,2220,GR
202412136747075,2024-12-13,KGX,EDB,1800,2220,GR
202412106746690,2024-12-10,KGX,EDB,1830,2316,GR
202412116746690,2024-12-11,KGX,EDB,1830,2316,GR
202412126746690,2024-12-12,KGX,EDB,1830,2316,GR
202412136746690,2024-12-13,KGX,EDB,1830,2316,GR
202412106746759,2024-12-10,KGX,EDB,1900,2324,GR
202412116746759,2024-12-11,KGX,EDB,1900,2324,GR
202412126746759,2024-12-12,KGX,EDB,1900,2324,GR
202412136746759,2024-12-13,KGX,EDB,1900,2324,GR
202412166771602,2024-12-16,KGX,ABD,1600,2020,GR
202412176771602,2024-12-17,KGX,ABD,1600,2020,GR
202412186771602,2024-12-18,KGX,ABD,1600,2020,GR
202412196771602,2024-12-19,KGX,ABD,1600,2020,GR
202412206771602,2024-12-20,KGX,ABD,1600,2020,GR
202412166771574,2024-12-16,KGX,EDB,1630,2114,GR
202412176771574,2024-12-17,KGX,EDB,1630,2114,GR
202412186771574,2024-12-18,KGX,EDB,1630,2114,GR
202412196771574,2024-12-19,KGX,EDB,1630,2114,GR
202412206771574,2024-12-20,KGX,EDB,1630,2114,GR
202412166771577,2024-12-16,KGX,EDB,1700,2125,GR
202412176771577,2024-12-17,KGX,EDB,1700,2125,GR
202412186771577,2024-12-18,KGX,EDB,1700,2125,GR
202412196771577,2024-12-19,KGX,EDB,1700,2125,GR
202412206771577,2024-12-20,KGX,EDB,1700,2125,GR
202412166771580,2024-12-16,KGX,EDB,1730,2208,GR
202412176771580,2024-12-17,KGX,EDB,1730,2208,GR
202412186771580,2024-12-18,KGX,EDB,1730,2208,GR
202412196771580,2024-12-19,KGX,EDB,1730,2208,GR
202412206771580,2024-12-20,KGX,EDB,1730,2208,GR
202412166771583,2024-12-16,KGX,EDB,1800,2220,GR
202412176771583,2024-12-17,KGX,EDB,1800,2220,GR
202412186771583,2024-12-18,KGX,EDB,1800,2220,GR
202412196771583,2024-12-19,KGX,EDB,1800,2220,GR
202412206771583,2024-12-20,KGX,EDB,1800,2220,GR
202412166771586,2024-12-16,KGX,EDB,1830,2316,GR
202412176771586,2024-12-17,KGX,EDB,1830,2316,GR
202412186771586,2024-12-18,KGX,EDB,1830,2316,GR
202412196771586,2024-12-19,KGX,EDB,1830,2316,GR
202412206771586,2024-12-20,KGX,EDB,1830,2316,GR
202412166771588,2024-12-16,KGX,EDB,1900,2324,GR
202412176771588,2024-12-17,KGX,EDB,1900,2324,GR
202412186771588,2024-12-18,KGX,EDB,1900,2324,GR
202412196771588,2024-12-19,KGX,EDB,1900,2324,GR
202412206771588,2024-12-20,KGX,EDB,1900,2324,GR
202412236771602,2024-12-23,KGX,ABD,1600,2020,GR
202412276771602,2024-12-27,KGX,ABD,1600,2020,GR
202412236771574,2024-12-23,KGX,EDB,1630,2114,GR
202412276771574,2024-12-27,KGX,EDB,1630,2114,GR
202412246771574,2024-12-24,KGX,EDB,1630,2119,GR
202412236771577,2024-12-23,KGX,EDB,1700,2125,GR
202412276771577,2024-12-27,KGX,EDB,1700,2125,GR
202412236771580,2024-12-23,KGX,EDB,1730,2208,GR
202412276771580,2024-12-27,KGX,EDB,1730,2208,GR
202412246771580,2024-12-24,KGX,EDB,1730,2212,GR
202412236771583,2024-12-23,KGX,EDB,1800,2220,GR
202412276771583,2024-12-27,KGX,EDB,1800,2220,GR
202412236771586,2024-12-23,KGX,EDB,1830,2316,GR
202412276771586,2024-12-27,KGX,EDB,1830,2316,GR
202412236771588,2024-12-23,KGX,EDB,1900,2324,GR
202412276771588,2024-12-27,KGX,EDB,1900,2324,GR
202412317835780,2024-12-31,KGX,EDB,1600,2022,GR
202412306771602,2024-12-30,KGX,ABD,1600,2020,GR
202412306771574,2024-12-30,KGX,EDB,1630,2114,GR
202412316771574,2024-12-31,KGX,EDB,1630,2119,GR
202412306771577,2024-12-30,KGX,EDB,1700,2125,GR
202412306771580,2024-12-30,KGX,EDB,1730,2208,GR
202412316771580,2024-12-31,KGX,EDB,1730,2210,GR
202412306771583,2024-12-30,KGX,EDB,1800,2220,GR
202412316771586,2024-12-31,KGX,EDB,1830,2319,GR
202412306771586,2024-12-30,KGX,EDB,1830,2316,GR
202412306771588,2024-12-30,KGX,EDB,1900,2324,GR
